Route,admin,edit,org_auditor,rules_admin,superadmin,systemadmin,view,Protected
GET AgentAPIAgentRestController.onAgentConnection,,,,,,,,
GET AgentAPIAgentRestController.getAgentConfig,,,,,,,,
PUT AgentAPIAgentRestController.onAgentStartup,,,,,,,,
POST AgentAPIApplicationInventoryRestController.saveApplicationInventoryWithAppPath,,,,,,,,
POST AgentAPIApplicationInventoryRestController.saveApplicationInventory,,,,,,,,
POST AgentAPIApplicationsRestController.heartbeatWithAppPath,,,,,,,,
POST AgentAPIApplicationsRestController.heartbeat,,,,,,,,
GET AgentAPIRoutesRestController.saveRoutesObservedWithAppPath,,,,,,,,
GET AgentAPIRoutesRestController.saveRoutesObserved,,,,,,,,
POST AgentAPIServerInventoryRestController.saveServerInventory,,,,,,,,
GET AgentAPITelemetryRestController.telemetry,,,,,,,,
GET AgentAPIApplicationSettingsRestController.settings,,,,,,,,
GET AgentEffectiveConfigApi.storeEffectiveConfig,,,,,,,,
GET LibraryUsageRestController.saveLibraryUsageWithAppPath,,,,,,,,
GET LibraryUsageRestController.saveLibraryUsage,,,,,,,,
GET AgentAPIServersRestController.settings,,,,,,,,
POST AgentAPIVulnerabilitiesRestController.observedTraces,,,,,,,,
PUT NgServerlessUsersRestController.updateServerlessAccess,YES,,,,,,,YES
GET CloudNativeAPIRestController.getAccessTokenOrganization,,,,,,,,
POST CloudNativeProxyController.proxy,,,,,,,,
GET CloudNativeProxyController.proxy,,,,,,,,
GET RouteCoverageAnalyticsRestController.getCoverageRoutes,,,,,,,,
GET RouteCoverageAnalyticsRestController.getRouteCoverageSnapshots,,,,,,,,
DELETE RouteCoverageAnalyticsRestController.deleteAppRoutesCoverage,YES,,,,,,,YES
DELETE RouteCoverageAnalyticsRestController.deleteAppRoutesCoverageByFilters,YES,,,,,,,YES
GET RouteCoverageAnalyticsRestController.deleteRouteCoverageData,YES,,,,,,,YES
GET RouteCoverageAnalyticsRestController.getCoverageRoutesObservation,,,,,,,,
POST RouteCoverageAnalyticsRestController.exportRouteCoverageObservationsCSV,,,,,,,,
GET RouteCoverageAnalyticsRestController.getStatus,,,,,,,,
POST RouteCoverageAnalyticsRestController.exportToCSV,,,,,,,,
POST RouteCoverageAnalyticsRestController.bulkExportToCSV,,,,,,,,
POST RouteCoverageAnalyticsRestController.bulkFilterExportToCSV,,,,,,,,
GET RouteCoverageAnalyticsRestController.getRouteCoverageBySessionIDAndMetadata,,,,,,,,
GET CveRestController.getCVEsByFilter,,,,,,,,
GET CveRestController.getCVEByCveId,,,,,,,,
GET NgDiagnosticsRestController.getDiagnosticsData,,,,,,,,
GET NgDiagnosticsRestController.getDiagnosticsPagers,,,,,,,,
GET NgDiagnosticsRestController.triggerDiagnostics,,,,,,,,
GET SuperadminPendoSettingsRestController.getPendoSettings,,,,,,,,
PUT SuperadminPendoSettingsRestController.updatePendoSettings,,,,,,,,
GET FlowmapRestController.getComponents,,,,,,,,
POST FlowmapRestController.getAssociatedApplications,,,,,,,,
GET FlowmapRestController.getFilters,,,,,,,,
POST FlowmapRestController.getFiltersV2,,,,,,,,
GET FlowmapRestController.getPrimayApplicationDetails,,,,,,,,
GET FlowmapRestController.getMetadataFilters,,,,,,,,
POST FlowmapRestController.getMetadataFiltersV2,,,,,,,,
GET FlowmapRestController.getLiveInformation,,,,,,,,
POST FreemiumRegistrationRestController.registerFreemiumRecord,,,,,,,,
GET FreemiumRegistrationRestController.validate,,,,,,,,
POST FreemiumRegistrationRestController.activateFreemiumAccount,,,,,,,,
POST FreemiumRegistrationRestController.getActivationLink,,,,,,,,
GET FreemiumSettingsRestController.getPreference,,,,,,,,
POST OauthCredentialsRestController.getCredentialsByEmail,,,,,,,,
GET SuperadminFreemiumManagementRestController.getSignUpRecords,,,,,,,,
POST SuperadminFreemiumManagementRestController.registerFreemiumRecord,,,,,,,,
POST SuperadminFreemiumManagementRestController.resendFreemiumInvitation,,,,,,,,
GET SuperadminFreemiumSettingsRestController.getSettings,,,,,,,,
PUT SuperadminFreemiumSettingsRestController.updateFreemiumFlag,,,,,,,,
PUT SuperadminFreemiumSettingsRestController.updateFreemiumRegistrationFlag,,,,,,,,
PUT SuperadminFreemiumSettingsRestController.updateFreemiumAssessmentLicenses,,,,,,,,
PUT SuperadminFreemiumSettingsRestController.updateFreemiumProtectionLicenses,,,,,,,,
PUT SuperadminFreemiumSettingsRestController.updateFreemiumAgentLanguages,,,,,,,,
PUT SuperadminFreemiumSettingsRestController.updateAssessRuleFreemiumStatus,,,,,,,,
PUT SuperadminFreemiumSettingsRestController.updateProtectRuleFreemiumStatus,,,,,,,,
PUT SuperadminFreemiumSettingsRestController.updateCVEShieldFreemiumStatus,,,,,,,,
PUT SuperadminFreemiumSettingsRestController.updateFreemiumUsersLimit,,,,,,,,
PUT SuperadminFreemiumSettingsRestController.updateFreemiumApplicationsLimit,,,,,,,,
PUT SuperadminFreemiumSettingsRestController.updateFreemiumAuthenticationSettings,,,,,,,,
GET HealthCheckRestController.live,,,,,,,,
GET HealthCheckRestController.ready,,,,,,,,
DELETE LibrariesBulkDeleteRestController.deleteOrganizationLibrariesByFilters,,YES,,,,,,YES
DELETE LibrariesBulkDeleteRestController.deleteServerLibrariesByFilters,,YES,,,,,,YES
DELETE LibrariesBulkDeleteRestController.deleteApplicationLibrariesByFilters,,YES,,,,,,YES
DELETE LibrariesBulkDeleteRestController.deleteOrganizationLibrariesByHash,,YES,,,,,,YES
DELETE LibrariesBulkDeleteRestController.deleteServerLibrariesByHash,,YES,,,,,,YES
DELETE LibrariesBulkDeleteRestController.deleteApplicationLibrariesByHash,,YES,,,,,,YES
POST LibrariesBulkExportRestController.bulkExportOrganizationLibraries,,,,,,,,
POST LibrariesBulkExportRestController.bulkExportOrganizationLibrariesAsync,,,,,,,,
GET LibrariesBulkStatusesRestController.bulkUpdateOrganizationLibrariesStatuses,,,,,,,,
GET LibrariesBulkStatusesRestController.bulkDeleteOrganizationLibrariesStatuses,,,,,,,,
GET LibrariesBulkTagRestController.bulkTagLibraries,,,,,,,,
GET ScaProxyRestController.proxy,,,,,,,,
POST ScaProxyRestController.proxy,,,,,,,,
GET LibraryUsageReportsRestController.getLibraryUsageReports,,,,,,,,
GET EmailDomainAllowlistRestController.getEmailDomainAllowlist,,,,,,,,
GET EmailDomainAllowlistRestController.setWithPost,YES,,,,,,,YES
GET ApplicationMetadataFilterRestController.getFiltersByOrganization,,,,,,,,
POST ApplicationMetadataFilterRestController.getFiltersByOrganizationV2,,,,,,,,
GET MetadataRestController.getFieldsByOrg,,,,,,,,
GET MetadataRestController.getValuesByOrganization,,,,,,,,
GET MetadataRestController.getValuesByApp,,,,,,,,
GET MetadataRestController.getOrganizationSettings,,,,,,,,
GET SessionMetadataFilterRestController.getFiltersByOrganization,,,,,,,,
POST SessionMetadataFilterRestController.getFiltersByOrganizationV2,,,,,,,,
GET UserProvidedApplicationMetadataRestController.getFieldValue,,,,,,,,
GET UserProvidedApplicationMetadataRestController.getAll,,,,,,,,
GET UserProvidedApplicationMetadataRestController.delete,,,,,,,,
GET UserProvidedApplicationMetadataRestController.setWithPut,,,,,,,,
GET UserProvidedApplicationMetadataRestController.setWithPost,,,,,,,,
GET DatabaseVolumetricsRestController.triggerDatabaseVolumetricTask,,,,,,,,
GET NgSetupOnboardingRestController.getSetupOnboardingSteps,,,,,,,,
GET NgUserOnboardingTutorialRestController.getViewedTutorials,,,,,,,,
POST NgUserOnboardingTutorialRestController.markAsViewed,,,,,,,,
GET SourceNameRestController.get,,,,,,,,
GET SourceNameRestController.getByOrganization,,,,,,,,
GET SourceNameRestController.create,,,,,,,,
GET SourceNameRestController.update,,,,,,,,
GET SourceNameRestController.delete,,,,,,,,
GET ReportDownloadController.downloadReport,,,,,,,,
POST ReportDownloadRestController.downloadReport,,,,,,,,
GET ReportingStatusRestController.getStatus,,,,,,,,
GET AttestationReportRestController.submit,,,,,,,,
GET AttestationReportRestController.getAttestationInfo,,,,,,,,
GET VulnerabilityRemediationSummaryRestController.getReport,,,,YES,,,,YES
GET SarifRestController.getSarifResults,,,,,,,,
GET IntegrationsRestController.helloWorld,,,,,,,,
GET NgAccessGroupsRestController.getQuickFilters,YES,,,,,,,YES
GET NgAccessGroupsRestController.getGroups,YES,,,,,,,YES
GET NgAccessGroupsRestController.getGroupsBase,YES,,,,,,,YES
GET NgAccessGroupsRestController.getGroup,YES,,,,,,,YES
GET NgAccessGroupsRestController.getUsers,YES,,,,,,,YES
GET NgAccessGroupsRestController.getApplications,YES,,,,,,,YES
GET NgAccessGroupsRestController.getApplications,YES,,,,,,,YES
GET NgAccessGroupsRestController.checkName,YES,,,,,,,YES
GET NgAccessGroupsRestController.checkNameUpdate,YES,,,,,,,YES
GET NgAccessGroupsRestController.createAccessGroup,YES,,,,,,,YES
GET NgAccessGroupsRestController.updateAccessGroup,YES,,,,,,,YES
GET NgAccessGroupsRestController.deleteAccessGroup,YES,,,,,,,YES
GET NgAgentRestController.downloadEngine,,YES,,,,,,YES
GET NgAgentRestController.downloadAgent,,YES,,,,,,YES
GET NgAgentRestController.downloadAgentConfig,,YES,,,,,,YES
GET NgAgentRestController.downloadAgentConfig,,YES,,,,,,YES
GET NgAgentRestController.getAgentVersions,,,,,,,,
GET NgAgentRestController.getAgentHome,,,,,,,,
GET ApplicationActivityWS.update,,,,,,,,
GET ApplicationCreateWS.createApp,,,,,,,,
GET ApplicationUpdateWS.update,,,,,,,,
GET EngineWS.downloadEngine,,,,,,,,
GET PreflightWS.checkPreflight,,,,,,,,
GET ServerUpdateWS.updateServer,,,,,,,,
GET StartupWS.registerEngineStartup,,,,,,,,
GET TraceWS.create,,,,,,,,
GET AgentServersRestController.reportServerActivityData,,,,,,,,
GET AgentServersRestController.onServerStartup,,,,,,,,
GET AgentSessionRestController.createSessionID,,,,,,,,
GET NgApplicationActivityReceiverRestController.putApplicationActivity,,,,,,,,
GET NgApplicationCreateRestController.createApplication,,,,,,,,
GET NgPossibleSecurityControlRestController.savePossibleSecurityControl,,,,,,,,
GET NgPreflightRestController.checkPreflight,,,,,,,,
GET NgServerActivityReceiverRestController.putServerActivity,,,,,,,,
GET NgTraceReceiverRestController.create,,,,,,,,
GET NgUpdateReceiverRestController.putApplicationUpdate,,,,,,,,
GET NgAlertsRestController.getAlerts,,YES,,,,,,YES
GET NgAlertsRestController.getAlert,,YES,,,,,,YES
GET NgAlertsRestController.deleteAlert,,YES,,,,,,YES
GET NgAlertsRestController.updateAlertStatus,,YES,,,,,,YES
GET NgAlertsRestController.addAlert,,YES,,,,,,YES
GET NgAlertsRestController.editAlert,,YES,,,,,,YES
GET NgApplicationActivityRestController.getNewestApplications,,,,,,,,
GET NgApplicationActivityRestController.getRecentApplications,,,,,,,,
GET NgApplicationActivityRestController.inactiveApplications,,,,,,,,
GET NgApplicationAssessRuleEnvConfigRestController.getAssessRulesConfigurations,,,,,,,YES,YES
GET NgApplicationAssessRuleEnvConfigRestController.bulkUpdateAssessRuleConfigurations,,,,YES,,,,YES
GET NgApplicationAssessRuleEnvConfigRestController.updateAssessRuleConfiguration,,,,YES,,,,YES
GET NgApplicationAttackHistoryRestController.getHistoryAttacks,,,,,,,,
GET NgApplicationAttackRestController.getApplicationAttacks,,,,,,,,
GET NgApplicationBulkUpdateRestController.archive,,YES,,,,,,YES
GET NgApplicationBulkUpdateRestController.restore,,,,,,,,
GET NgApplicationBulkUpdateRestController.delete,,,,,,,,
GET NgApplicationBulkUpdateRestController.merge,,YES,,,,,,YES
GET NgApplicationBulkUpdateRestController.tag,,,,,,,,
GET NgApplicationComponentsRestController.getArchitectureComponents,,,,,,,,
GET NgApplicationCoverageRestController.getCoverage,,,,,,,,
GET NgApplicationCoverageRestController.getLastWeekCoverageStats,,,,,,,,
GET NgApplicationExclusionRestController.getExclusions,,,,,,,,
GET NgApplicationExclusionRestController.getExclusion,,,,YES,,,,YES
GET NgApplicationExclusionRestController.createExclusion,,,,YES,,,,YES
GET NgApplicationExclusionRestController.createExclusionTypeURL,,,,YES,,,,YES
GET NgApplicationExclusionRestController.createExclusionTypeCode,,,,YES,,,,YES
GET NgApplicationExclusionRestController.createExclusionTypeInput,,,,YES,,,,YES
GET NgApplicationExclusionRestController.editExclusion,,,,YES,,,,YES
GET NgApplicationExclusionRestController.deleteExclusion,,,,YES,,,,YES
GET NgApplicationExclusionRestController.updateAssessmentStatus,,,,YES,,,,YES
GET NgApplicationExclusionRestController.countEventsByExclusion,,,,YES,,,,YES
GET NgApplicationExclusionRestController.suppressEventsByExclusion,,,,YES,,,,YES
GET NgApplicationGroupsRestController.groups,YES,,,,,,,YES
GET NgApplicationGroupsRestController.addApplicationsToGroup,YES,,,,,,,YES
GET NgApplicationHistoryRestController.getAppSnapshotScores,,,,,,,,
GET NgApplicationHistoryRestController.getAppSnapshotScoresByInterval,,,,,,,,
GET NgApplicationHistoryRestController.getAppSnapshotScoresByIntervalIncludeDefense,,,,,,,,
GET NgApplicationLibraryRestController.getAppLibrariesWithFilters,,,,,,,,
GET NgApplicationLibraryRestController.getAppLibraries,,,,,,,,
GET NgApplicationLibraryRestController.getLibrariesStats,,,,,,,,
GET NgApplicationLibraryRestController.getLibrariesScoreBreakdown,,,,,,,,
GET NgApplicationLibraryRestController.getLibrariesOutOfDateBreakdown,,,,,,,,
GET NgApplicationLibraryRestController.getSbomForApp,,,,,,,,
GET NgApplicationLibraryRestController.getFiltersTypes,,,,,,,,
GET NgApplicationScoresRestController.getApplicationScore,,,,,,,,
GET NgApplicationScoresRestController.getApplicationScoreIncludeDefense,,,,,,,,
GET NgApplicationScoresRestController.getApplicationPlatformScore,,,,,,,,
GET NgApplicationScoresRestController.getApplicationPlatformScoreIncludeDefense,,,,,,,,
GET NgApplicationScoresRestController.getApplicationSecurityScore,,,,,,,,
GET NgApplicationScoresRestController.applicationSecurityScoreDataIncludeDefense,,,,,,,,
GET NgApplicationScoresRestController.applicationVulnerabilityBreakdown,,,,,,,,
GET NgApplicationScoresRestController.applicationVulnerabilityBreakdownEnvSeverity,,,,,,,,
GET NgApplicationScoresRestController.applicationVulnerabilityBreakdownEnvStatus,,,,,,,,
GET NgApplicationScoresRestController.applicationVulnerabilityBreakdownRuleType,,,,,,,,
GET NgApplicationScoresRestController.applicationAttacksBreakdownStatus,,,,,,,,
GET NgApplicationScoresRestController.applicationAttacksBreakdownType,,,,,,,,
GET NgApplicationScoresRestController.ruleBreakdownData,,,,,,,,
GET NgApplicationScoresRestController.ruleCategoryBreakdownData,,,,,,,,
GET NgApplicationScoresRestController.ruleSeverityBreakdownData,,,,,,,,
GET NgApplicationScoresRestController.traceStatusBreakdownData,,,,,,,,
GET NgApplicationServersRestController.serversData,,,,,,,,
GET NgApplicationServersRestController.getServersData,,,,,,,,
GET NgApplicationServersRestController.getNewestServer,,,,,,,,
GET NgApplicationServersRestController.serversProperties,,,,,,,,
GET NgApplicationServersRestController.getServers,,,,,,,,
GET NgApplicationServersRestController.getServerProtectionSettingsByEnvironment,,,,,,,,
GET NgApplicationServersRestController.getServerProtectionSettings,,,,,,,,
GET NgApplicationServersRestController.getServerBreakdown,,,,,,,,
GET NgApplicationSettingsRestController.saveAppSettings,,YES,,,,,,YES
GET NgApplicationStigReportRestController.getTemplateDetails,,YES,,,,,,YES
GET NgApplicationStigReportRestController.persistTemplate,,YES,,,,,,YES
GET NgApplicationStigReportRestController.getTemplate,,YES,,,,,,YES
GET NgApplicationTechnologiesRestController.getTechonolgies,,,,,,,,
GET NgApplicationsRestController.getSessionMetadataFields,,,,,,,,
GET NgApplicationsRestController.getApplicationsAdvancedFilters,,,,,,,,
GET NgApplicationsRestController.getFiltersTypes,,,,,,,,
POST NgApplicationsRestController.getFiltersTypesV2,,,,,,,,
GET NgApplicationsRestController.getApplicationQuickFilters,,,,,,,,
POST NgApplicationsRestController.getApplicationQuickFiltersV2,,,,,,,,
GET NgApplicationsRestController.getApplicationsByFilter,,,,,,,,
POST NgApplicationsRestController.getApplicationsByFilterV2,,,,,,,,
GET NgApplicationsRestController.getBasicAppInfo,,,,,,,,
GET NgApplicationsRestController.getApplications,,,,,,,,
GET NgApplicationsRestController.getApplicationsBase,,,,,,,,
GET NgApplicationsRestController.getApplicationScore,,,,,,,,
GET NgApplicationsRestController.getApplicationsName,,,,,,,,
GET NgApplicationsRestController.getShortApplicationsByFilter,,,,,,,,
GET NgApplicationsRestController.getApplication,,,,,,,,
GET NgApplicationsRestController.archiveApplication,,YES,,,,,,YES
GET NgApplicationsRestController.restoreApplication,,YES,,,,,,YES
GET NgApplicationsRestController.resetApplication,YES,,,,,,,YES
GET NgApplicationsRestController.deleteApplication,YES,,,,,,,YES
GET NgApplicationsRestController.deleteMultipleApplications,YES,,,,,,,YES
GET NgApplicationsRestController.applicationRoles,,,,,,,,
PUT NgApplicationsRestController.updateDisplayName,,YES,,,,,,YES
POST NgApplicationsRestController.isDisplayNameUnique,,YES,,,,,,YES
GET NgApplicationsRestController.getLicense,,,,,,,,
GET NgApplicationsRestController.updateAppImportance,,YES,,,,,,YES
GET NgApplicationsRestController.countAllowedApps,,,,,,,,
GET NgAuthenticationModeRestController.getAuthenticationMode,,,,,,,,
GET NgAuthenticationModeRestController.getAuthenticationMode,,,,,,,,
GET NgAgileCentralBugtrackerRestController.getBugtracker,YES,,,,,,,YES
GET NgAgileCentralBugtrackerRestController.addBugtracker,YES,,,,,,,YES
GET NgAgileCentralBugtrackerRestController.editBugtracker,YES,,,,,,,YES
GET NgAgileCentralBugtrackerRestController.testBugtracker,YES,,,,,,,YES
GET NgAgileCentralBugtrackerRestController.testExistingBugtracker,YES,,,,,,,YES
GET NgAgileCentralBugtrackerRestController.getAgileCentralBugtrackerForVulnerability,,YES,,,,,,YES
GET NgAgileCentralBugtrackerRestController.getAgileCentralBugtrackerForLibrary,,YES,,,,,,YES
GET NgAgileCentralBugtrackerRestController.getPriorityByInstances,,YES,,,,,,YES
POST NgAgileCentralDataLoaderRestController.getAgileCentralProjects,YES,,,,,,,YES
POST NgAgileCentralDataLoaderRestController.getAgileCentralProjects,YES,,,,,,,YES
POST NgAgileCentralDataLoaderRestController.getAgileCentralEditors,YES,,,,,,,YES
POST NgAgileCentralDataLoaderRestController.getAgileCentralEditors,YES,,,,,,,YES
POST NgAgileCentralDataLoaderRestController.getAgileCentralUser,YES,,,,,,,YES
POST NgAgileCentralDataLoaderRestController.getAgileCentralUser,YES,,,,,,,YES
POST NgAgileCentralDataLoaderRestController.getAgileCentralDefectDefinition,YES,,,,,,,YES
POST NgAgileCentralDataLoaderRestController.getAgileCentralDefectDefinition,YES,,,,,,,YES
POST NgAgileCentralDataLoaderRestController.getAgileCentralDefectAttributes,YES,,,,,,,YES
POST NgAgileCentralDataLoaderRestController.getAgileCentralDefectAttributes,YES,,,,,,,YES
POST NgAgileCentralDataLoaderRestController.getAgileCentralAttributeValues,YES,,,,,,,YES
POST NgAgileCentralDataLoaderRestController.getAgileCentralAttributeValues,YES,,,,,,,YES
GET NgBugtrackerCredentialsRestController.getLatestBugtrackerCredentials,YES,,,,,,,YES
GET NgBugtrackerCredentialsRestController.getCredentialsSets,YES,,,,,,,YES
PUT NgBugtrackerCredentialsRestController.editCredentials,YES,,,,,,,YES
PUT NgBugtrackerCredentialsRestController.updateCredentialSetName,YES,,,,,,,YES
DELETE NgBugtrackerCredentialsRestController.deleteBugtrackerCredentials,YES,,,,,,,YES
GET NgBugtrackersRestController.getBugtrackersApplications,YES,,,,,,,YES
GET NgBugtrackersRestController.getBugtrackersApplicationsFromApplications,,YES,,,,,,YES
GET NgBugtrackersRestController.getBugtrackersApplicationsByApplication,,YES,,,,,,YES
GET NgBugtrackersRestController.deleteBugtrackerApplication,YES,,,,,,,YES
GET NgBugtrackersRestController.getApplicationsWithBugtracker,,YES,,,,,,YES
GET NgGitHubBugtrackersRestController.getGitHubBugtracker,YES,,,,,,,YES
GET NgGitHubBugtrackersRestController.createGitHubBugtrackerIntegration,YES,,,,,,,YES
GET NgGitHubBugtrackersRestController.testGitHubBugtracker,YES,,,,,,,YES
GET NgGitHubBugtrackersRestController.testExistingGitHubBugtracker,YES,,,,,,,YES
GET NgGitHubBugtrackersRestController.editGitHubBugtracker,YES,,,,,,,YES
GET NgGitHubBugtrackersRestController.getGitHubBugtrackerForVulnerability,,YES,,,,,,YES
GET NgGitHubBugtrackersRestController.getGitHubBugtrackerForLibrary,,YES,,,,,,YES
GET NgGitHubBugtrackersRestController.refreshGitHubBugtrackerSettings,YES,,,,,,,YES
GET NgGitHubBugtrackersRestController.refreshExistingGitHubBugtrackerSettings,YES,,,,,,,YES
POST NgJiraBugtrackersDataLoaderRestController.getJiraProjects,YES,,,,,,,YES
POST NgJiraBugtrackersDataLoaderRestController.getJiraProjects,YES,,,,,,,YES
POST NgJiraBugtrackersDataLoaderRestController.getJiraLabels,YES,,,,,,,YES
POST NgJiraBugtrackersDataLoaderRestController.getJiraUsersForProject,YES,,,,,,,YES
POST NgJiraBugtrackersDataLoaderRestController.getJiraUsersForBugtrackerAndProject,YES,,,,,,,YES
POST NgJiraBugtrackersDataLoaderRestController.getJiraEpicsByProject,YES,,,,,,,YES
POST NgJiraBugtrackersDataLoaderRestController.getJiraEpicsForBugtrackerAndProject,YES,,,,,,,YES
POST NgJiraBugtrackersDataLoaderRestController.getJiraEpic,YES,,,,,,,YES
POST NgJiraBugtrackersDataLoaderRestController.getJiraStatuses,YES,,,,,,,YES
POST NgJiraBugtrackersDataLoaderRestController.getJiraStatuses,YES,,,,,,,YES
POST NgJiraBugtrackersDataLoaderRestController.getJiraIssueTypes,YES,,,,,,,YES
POST NgJiraBugtrackersDataLoaderRestController.getJiraIssueTypes,YES,,,,,,,YES
POST NgJiraBugtrackersDataLoaderRestController.getJiraResolutions,YES,,,,,,,YES
POST NgJiraBugtrackersDataLoaderRestController.getJiraResolutions,YES,,,,,,,YES
POST NgJiraBugtrackersDataLoaderRestController.getJiraPriorities,YES,,,,,,,YES
POST NgJiraBugtrackersDataLoaderRestController.getJiraPriorities,YES,,,,,,,YES
POST NgJiraBugtrackersDataLoaderRestController.getJiraFields,YES,,,,,,,YES
POST NgJiraBugtrackersDataLoaderRestController.getJiraFields,YES,,,,,,,YES
GET NgJiraBugtrackersRestController.getJiraBugtracker,YES,,,,,,,YES
GET NgJiraBugtrackersRestController.addJiraBugtracker,YES,,,,,,,YES
GET NgJiraBugtrackersRestController.testJiraBugtracker,YES,,,,,,,YES
GET NgJiraBugtrackersRestController.testExistingJiraBugtracker,YES,,,,,,,YES
GET NgJiraBugtrackersRestController.editJiraBugtracker,YES,,,,,,,YES
GET NgJiraBugtrackersRestController.getJiraBugtrackerForVulnerability,,YES,,,,,,YES
GET NgJiraBugtrackersRestController.getJiraBugtrackerForLibrary,,YES,,,,,,YES
POST NgJiraBugtrackersRestController.getAssignableUsersByProjectId,,YES,,,,,,YES
GET NgJiraBugtrackersRestController.getAssignableUsersByBugtrackerIdAndProjectId,,YES,,,,,,YES
GET NgJiraBugtrackersRestController.getAssignableUserByBugtrackerIdAndProjectIdAndJiraAccountId,,YES,,,,,,YES
GET NgJiraBugtrackersRestController.getPriorityByInstances,,YES,,,,,,YES
GET NgJiraBugtrackersRestController.buildURLWebhook,YES,,,,,,,YES
GET NgJiraBugtrackersRestController.buildURLWebhookFromExisting,YES,,,,,,,YES
GET NgVSTSBugtrackersRestController.getVSTSBugtracker,YES,,,,,,,YES
GET NgVSTSBugtrackersRestController.getBugtrackerByApplication,,YES,,,,,,YES
GET NgVSTSBugtrackersRestController.getJiraBugtrackerForLibrary,,YES,,,,,,YES
GET NgVSTSBugtrackersRestController.createVSTSBugtracker,YES,,,,,,,YES
GET NgVSTSBugtrackersRestController.editBugtracker,YES,,,,,,,YES
GET NgVSTSBugtrackersRestController.testNewBugtracker,YES,,,,,,,YES
GET NgVSTSBugtrackersRestController.testExistingBugtracker,YES,,,,,,,YES
GET NgVSTSBugtrackersRestController.getVSTSProjects,,YES,,,,,,YES
GET NgVSTSBugtrackersRestController.getVSTSProjects,,YES,,,,,,YES
GET NgVSTSBugtrackersRestController.getVSTSProjectSettings,,YES,,,,,,YES
GET NgVSTSBugtrackersRestController.getVSTSProjectSettings,,,,,,,,
GET NgVSTSBugtrackersRestController.getWorkItemCustomFields,,,,,,,,
GET NgVSTSBugtrackersRestController.getVSTSTeamMembers,,,,,,,,
GET NgVSTSBugtrackersRestController.getVSTSTeamMembers,,,,,,,,
GET NgVSTSBugtrackersRestController.getVSTSProjectTeams,,YES,,,,,,YES
GET NgVSTSBugtrackersRestController.getVSTSProjectTeams,,YES,,,,,,YES
GET NgVSTSBugtrackersRestController.getTeamAreas,,YES,,,,,,YES
GET NgVSTSBugtrackersRestController.getTeamAreas,,YES,,,,,,YES
GET NgVSTSBugtrackersRestController.getPriorityByInstances,,YES,,,,,,YES
GET NgAgentFeatureRestController.getAgentFeatures,,,,,,,,
GET NgFeatureToggleRestController.getFlags,,,,,,,,
GET NgFeatureToggleRestController.getFlagsByKeys,,,,,,,,
GET NgPublicCustomSettingsRestController.getCustomSettings,,,,,,,,
GET NgPublicInformationController.getPublicInformation,,,,,,,,
GET NgPublicPasswordPolicyRestController.getPasswordPolicyReset,,,,,,,,
GET NgPublicPasswordPolicyRestController.getPasswordPolicyForNewUser,,,,,,,,
GET NgPublicPasswordRestController.requestResetToken,,,,,,,,
GET NgPublicPasswordRestController.updatePassword,,,,,,,,
GET NgPublicStatusController.getPublicStatus,,,,,,,,
GET NgPublicWebhookRestController.processJIRAWebhook,,,,,,,,
GET NgPublicWebhookRestController.processVSTSWebhook,,,,,,,,
GET NgPublicRegisterController.createNewTrialUser,,,,,,,,
GET NgComplianceRestController.getComplianceReports,,,,,,,,
GET NgSecurityControlSuggestionsRestController.getSecurityControlsSuggestions,,,,YES,,,,YES
GET NgSecurityControlSuggestionsRestController.removeSuggestion,,,,YES,,,,YES
GET NgSecurityControlSuggestionsRestController.acceptSuggestion,,,,YES,,,,YES
GET NgSecurityControlSuggestionsRestController.undoSuggestionDeletion,,,,YES,,,,YES
GET NgSecurityControlsRestController.getSecurityControlsQuickFilters,,,,YES,,,,YES
GET NgSecurityControlsRestController.getSecurityControlsData,,,,YES,,,,YES
GET NgSecurityControlsRestController.getSecurityControl,,,,YES,,,,YES
GET NgSecurityControlsRestController.createValidator,,,,YES,,,,YES
GET NgSecurityControlsRestController.createSanitizer,,,,YES,,,,YES
GET NgSecurityControlsRestController.editSecurityControl,,,,YES,,,,YES
GET NgSecurityControlsRestController.enableValidator,,,,YES,,,,YES
GET NgSecurityControlsRestController.deleteRuleValidator,,,,YES,,,,YES
GET NgSecurityControlsRestController.createSanitizer,,,,YES,,,,YES
GET NgSecurityControlsRestController.createValidator,,,,YES,,,,YES
GET NgSecurityControlsRestController.addMarkApi,,,,YES,,,,YES
GET NgDocRestController.getRestApiDoc,,,,,,,,
GET NgEventsRestController.getLatestEvents,,,,,,,,
GET NgEventsRestController.getNewestApplications,,,,,,,,
GET NgEventsRestController.getMostRecentServersStartup,,,,,,,,
GET NgEventsRestController.getMostRecentVulnerabilties,,,,,,,,
GET NgExclusionsRestController.getExclusions,,,,YES,,,,YES
GET NgGlobalRestController.getDateFormats,,,,,,,,
GET NgGlobalRestController.getTimeFormats,,,,,,,,
GET NgGlobalRestController.getTimezones,,,,,,,,
GET NgGlobalRestController.getDefaultAbsoluteTimeout,,,,,,,,
GET NgGlobalRestController.getDefaultIdleTimeout,,,,,,,,
GET NgGlobalRestController.getDefaultTimeouts,,,,,,,,
GET NgGlobalRestController.getProgressTaskMap,,,,,,,,
GET NgGlobalRestController.getTeamserverProperties,,,,,,,,
GET NgGlobalRestController.getCategoriesRules,,,,,,,,
GET NgGlobalRestController.getAuthSettings,,,,,,,,
GET NgGlobalRestController.getAuthSettings,,,,,,,,
GET NgPasswordPolicyRestrictionsRestController.getPasswordPolicyRestrictions,,,,,,,,
GET NgAttackHistoryRestController.getHistoryAttacks,,,,,,,,
GET NgHistoryRestController.getSnapshotScores,,,,,,,,
GET NgHistoryRestController.getSnapshotScoresInterval,,,,,,,,
GET NgHistoryRestController.getSnapshotScoresWithDefenseInterval,,,,,,,,
GET IntegrationsApplicationRestController.createApplication,,YES,,,,,,YES
GET IntegrationsApplicationRestController.getApplication,,,,,,,,
GET NgSCWIntegrationDiagnosticsRestController.createDiagnosticEvent,YES,,,,,,,YES
GET NgJobOutcomePolicyRestController.createJobOutcomePolicy,YES,,,,,,,YES
GET NgJobOutcomePolicyRestController.getPolicy,YES,,,,,,,YES
GET NgJobOutcomePolicyRestController.getEnabledPoliciesNoFillApp,,,,,,,,
GET NgJobOutcomePolicyRestController.getEnabledPoliciesByApplicationNoFillApp,,,,,,,,
GET NgJobOutcomePolicyRestController.getPolicies,YES,,,,,,,YES
GET NgJobOutcomePolicyRestController.deleteJobOutcomePolicy,YES,,,,,,,YES
GET NgJobOutcomePolicyRestController.editJobOutcomePolicy,YES,,,,,,,YES
GET NgLanguageRestController.getAgentLanguages,,,,,,,,
GET NgLibrariesRestController.getLibrariesQuickFilters,,,,,,,,
GET NgLibrariesRestController.getOrgLibrariesByFilters,,,,,,,,
POST NgLibrariesRestController.getOrgLibrariesByFiltersV2,,,,,,,,
PUT NgLibrariesRestController.getLibrariesByNames,,,,YES,,,,YES
GET NgLibrariesRestController.getOrgLibraries,,,,,,,,
GET NgLibrariesRestController.getLibrariesStats,,,,,,,,
GET NgLibrariesRestController.getLibrariesScoreBreakdown,,,,,,,,
GET NgLibrariesRestController.getLibrariesOutOfDateBreakdown,,,,,,,,
GET NgLibrariesRestController.getLibrary,,,,,,,,
GET NgLibrariesRestController.getFiltersTypes,,,,,,,,
POST NgLibrariesRestController.getFiltersTypesV2,,,,,,,,
POST NgLibrariesRestController.exportLibraries,,,,,,,,
POST NgLibrariesRestController.sendToBugtrackers,,YES,,,,,,YES
POST NgLibrariesRestController.shareLibrariesViaEmail,,YES,,,,,,YES
POST NgLibrariesRestController.shareLibrariesViaEmailByFilters,,YES,,,,,,YES
PUT NgLibrariesRestController.getArtifactsByGroupNameVersion,,,,,,,,
PUT NgLibrariesRestController.updateLibraryStatus,YES,YES,,,,,,YES
DELETE NgLibrariesRestController.deleteLibraryStatus,YES,YES,,,,,,YES
GET NgLibraryFilterListingRestController.getFilters,,,,,,,,
GET NgLibraryPolicyRestController.getLibraryPolicy,,,,,,,,
GET NgLibraryPolicyRestController.getLibrariesPolicy,,,,YES,,,,YES
GET NgLibraryPolicyRestController.getLibraryLicensesPolicy,,,,YES,,,,YES
GET NgLibraryPolicyRestController.saveLibraryPolicy,,,,YES,,,,YES
GET NgContrastLicenseRestController.isLicenseActive,,,,,,,,
GET NgLicensesRestController.getOrgAssessmentLicenseBreakdown,,,,,,,,
GET NgLicensesRestController.applyLicense,YES,,,,,,,YES
GET NgLicensesRestController.getOrganizationLicensesBreakdown,YES,,,,,,,YES
GET NgLicensesRestController.getUpcomingExpiredAssessmentLicenses,YES,,,,,,,YES
GET NgLicensesRestController.updateAutoLicensingForAssessment,YES,,,,,,,YES
GET NgLicensesRestController.updateServerEnvironmentAutoLicensingForProtection,YES,,,,,,,YES
GET NgModulesRestController.getModules,,,,,,,,
GET NgModulesRestController.getApplicationModules,,,,,,,,
GET NgModulesRestController.mergeApplications,,YES,,,,,,YES
GET NgModulesRestController.unmergeApplication,,YES,,,,,,YES
GET NgModulesRestController.unmergeAllApplications,,YES,,,,,,YES
PUT NgNotificationDigestSettingsRestController.updateOrganizationViolationDigestSettings,YES,,,,,,,YES
PUT NgNotificationDigestSettingsRestController.updateUserViolationDigestSettings,,,,,,,,
GET NgNotificationOrganizationSettingsRestController.getNotificationOrganizationSettings,YES,,,,,,,YES
GET NgNotificationOrganizationSettingsRestController.updateNotificationActivitySummary,YES,,,,,,,YES
GET NgNotificationOrganizationSettingsRestController.updateNotificationTypeTrigger,YES,,,,,,,YES
GET NgNotificationOrganizationSettingsRestController.clearNotificationTypeTrigger,YES,,,,,,,YES
GET NgNotificationOrganizationSettingsRestController.updateNotifyOnChangeStatus,YES,,,,,,,YES
GET NgNotificationOrganizationSettingsRestController.updateNotificationChannel,YES,,,,,,,YES
GET NgNotificationRestController.getNotifications,,,,,,,,
GET NgNotificationRestController.countUnreadNotifications,,,,,,,,
GET NgNotificationRestController.getNewNotifications,,,,,,,,
GET NgNotificationRestController.changeNotificationsStatus,,,,,,,,
GET NgNotificationRestController.markAllAsRead,,,,,,,,
GET NgNotificationUserSettingsRestController.getNotificationOrganizationSettings,,,,,,,,
GET NgNotificationUserSettingsRestController.updateNotificationActivitySummary,,,,,,,,
GET NgNotificationUserSettingsRestController.updateNotificationType,,,,,,,,
GET NgNotificationUserSettingsRestController.cleanNotificationType,,,,,,,,
GET NgNotificationUserSettingsRestController.updateNotifyOnChangeStatus,,,,,,,,
GET NgNotificationUserSettingsRestController.updateNotificationChannel,,,,,,,,
GET NgNotificationUserSettingsRestController.updateApplicationSubscription,,,,,,,,
GET NgNotificationUserSettingsRestController.removeApplicationSubscription,,,,,,,,
GET NgNotificationUserSettingsRestController.restoreDefaultSettings,,,,,,,,
GET NgOrganizationApplicationSettingsRestController.getApplicationSettings,,YES,,,,,,YES
GET NgOrganizationApplicationSettingsRestController.updateApplicationSettings,,YES,,,,,,YES
GET NgOrganizationApprovalWorkflowRestController.getApprovalWorkflowConfiguration,YES,,,,,,,YES
PUT NgOrganizationApprovalWorkflowRestController.updateApprovalWorkflowSettings,YES,,,,,,,YES
GET NgOrganizationApprovalWorkflowRestController.getTotalPendingStatusTraces,,,,YES,,,,YES
POST NgOrganizationApprovalWorkflowRestController.resolvePendingStatus,,,,YES,,,,YES
POST NgOrganizationApprovalWorkflowRestController.resolvePendingStatusByFilters,,,,YES,,,,YES
POST NgOrganizationApprovalWorkflowRestController.evaluateTracesForApprovalWorkflow,,,,,,,,
POST NgOrganizationApprovalWorkflowRestController.evaluateTracesByFiltersForApprovalWorkflow,,,,,,,,
GET NgOrganizationAuthorizationRestController.authorizationInfo,,,,,,,,
GET NgOrganizationFeatureRestController.isFeatureEnabledForOrganization,,,,,,,,
GET NgOrganizationRestController.getOrganization,,,,,,,,
GET NgOrganizationRestController.editOrganizationInformation,YES,,,,,,,YES
GET NgOrganizationRestController.getScoringPolicy,,,,,,,,
GET NgOrganizationRestController.updateScoringPolicy,,,,YES,,,,YES
GET NgOrganizationRestController.getApplicationRoles,,,,,,,,
GET NgOrganizationRestController.getApiKey,YES,,,,,,,YES
GET NgOrganizationRestController.getAdministrators,YES,,,,,,,YES
GET NgOrganizationRestController.getServerToRestart,,,,,,,,
GET NgOrganizationRestoreSessionRestController.restoreSuperadminSession,,,,,,,,
GET NgOrganizationServerSettingsRestController.getServerSettings,,YES,,,,,,YES
GET NgOrganizationServerSettingsRestController.getServerSettingsByEnvironment,,YES,,,,,,YES
GET NgOrganizationServerSettingsRestController.editServerSettings,,YES,,,,,,YES
GET NgOrganizationServerSettingsRestController.toggleAssessSettings,YES,,,,,,,YES
GET NgOrganizationServerSettingsRestController.toggleDefendSettings,YES,,,,,,,YES
GET NgOrganizationServerSettingsRestController.toggleBotProtectionSettings,YES,,,,,,,YES
GET NgOrganizationServerSettingsRestController.editSyslogServerSettings,YES,,,,,,,YES
GET NgOrganizationServerlessRestController.getServerlessUserKeys,YES,,,,,,,YES
GET NgOrganizationSettingsRestController.getAIMLSettings,,,,,,,,
PUT NgOrganizationSettingsRestController.updateAIMLSettings,,YES,,,,,,YES
GET NgOrganizationSettingsRestController.getSettings,,,,,,,,
GET NgOrganizationSettingsRestController.updateDiagnostics,,YES,,,,,,YES
GET NgOrganizationStatsRestController.getOrgApplicationStats,,,,,,,,
GET NgOrganizationStatsRestController.getOrgLibraryStats,,,,,,,,
GET NgOrganizationStatsRestController.getOrgServerStats,,,,,,,,
GET NgOrganizationStatsRestController.getOrgTraceStats,,,,,,,,
GET NgOrganizationStatsRestController.getOrgLicensesStats,YES,,,,,,,YES
GET NgOrganizationStatsRestController.getOrgLicenseHistory,YES,,,,,,,YES
GET NgOrganizationStatsRestController.getOrgAppBreakdownStats,YES,,,,,,,YES
GET NgOrganizationStatsRestController.getOrgApplicationsDrilldown,YES,,,,,,,YES
GET NgOrganizationStatsRestController.getOrgServerBreakdownStats,YES,,,,,,,YES
GET NgOrganizationalTsvRestController.getOrgTsv,,,,,,,,
PUT NgOrganizationalTsvRestController.editTsvSettings,YES,,,,,,,YES
GET NgOrganizationalTsvRestController.getTsvScreenValues,,,,,,,,
PUT NgOrganizationalTsvRestController.sendTsvEmailToAdmins,,,,,,,,
GET NgPasswordPolicyRestController.getOrganizationPasswordPolicy,,,,,,,,
GET NgPasswordPolicyRestController.getAdditivePasswordPolicy,,,,,,,,
GET NgPasswordPolicyRestController.editPasswordPolicy,YES,,,,,,,YES
GET NgReportSettingsRestController.getReportSettings,YES,,,,,,,YES
GET NgReportSettingsRestController.editReportSettings,YES,,,,,,,YES
GET NgTSVRestController.getOrganizationTsvSettings,,,,,,,,
GET NgTSVRestController.editTsvSettings,YES,,,,,,,YES
GET NgCompliancePolicyRestController.getRemediationPolicies,,,,,,,,
GET NgCompliancePolicyRestController.toggleCompliancePolicyStatus,,,,YES,,,,YES
GET NgCompliancePolicyRestController.getCompliancePolicy,,,,YES,,,,YES
GET NgCompliancePolicyRestController.createCompliancePolicy,,,,YES,,,,YES
GET NgCompliancePolicyRestController.updateCompliancePolicy,,,,YES,,,,YES
GET NgCompliancePolicyRestController.deleteCompliancePolicy,,,,YES,,,,YES
GET NgRemediationPolicyRestController.getRemediationPolicies,,,,YES,,,,YES
GET NgRemediationPolicyRestController.getRemediationPolicy,,,,YES,,,,YES
GET NgRemediationPolicyRestController.createRemediationPolicy,,,,YES,,,,YES
GET NgRemediationPolicyRestController.updateRemediationPolicy,,,,YES,,,,YES
GET NgRemediationPolicyRestController.deleteRemediationPolicy,,,,YES,,,,YES
GET NgRemediationPolicyRestController.toggleRemediationPolicyStatus,,,,YES,,,,YES
GET NgPivotalResourcesRestController.createPivotalOrganization,,,,,,,,
GET NgPivotalResourcesRestController.getPivotalOrganization,,,,,,,,
GET NgPivotalResourcesRestController.createPivotalBinding,,,,,,,,
GET NgPivotalResourcesRestController.deletePivotalOrganization,,,,,,,,
GET NgCurrentUserController.getCurrentUserDetails,,,,,,,,
GET NgProfileRestController.getCurrentUserInformation,,,,,,,,
GET NgProfileRestController.updateCurrentUser,,,,,,,,
GET NgProfileRestController.updateCurrentUserPassword,,,,,,,,
GET NgProfileRestController.validateCurrentUserPassword,,,,,,,,
GET NgProfileRestController.updateExpiredPassword,,,,,,,,
GET NgProfileRestController.getUserRoles,,,,,,,,
GET NgProfileRestController.toggleToAdminPortal,,,,,,,,
GET NgProfileRestController.getRegisteredOrganizations,,,,,,,,
GET NgProfileRestController.getDefaultOrganization,,,,,,,,
GET NgProfileRestController.getOrganization,,,,,,,,
GET NgProfileRestController.getUserPasswordPolicy,,,,,,,,
GET NgProfileRestController.markDefaultOrganization,,,,,,,,
GET NgProfileRestController.rotateUserServiceKey,,,,,,,,
GET NgProfileRestController.getUserKeys,,,,,,,,
GET NgAlertAttacksRestController.getAlertAttacks,,YES,,,,,,YES
GET NgAlertAttacksRestController.getAlert,,YES,,,,,,YES
GET NgAlertAttacksRestController.deleteAlertAttack,,YES,,,,,,YES
GET NgAlertAttacksRestController.addAlertAttack,,YES,,,,,,YES
GET NgAlertAttacksRestController.editAlertAttack,,YES,,,,,,YES
GET NgAlertAttacksRestController.updateAlertStatus,,YES,,,,,,YES
GET NgAlertAttacksRestController.getAlertAttacksTriggers,,YES,,,,,,YES
GET NgOrganizationAlertsRestController.getOrganizationAlerts,,YES,,,,,,YES
GET NgRaspIPBlacklistRestController.getBlacklist,,,,,,,,
GET NgRaspIPBlacklistRestController.getWhitelist,,,,,,,,
GET NgRaspIPBlacklistRestController.getAddress,,,,YES,,,,YES
GET NgRaspIPBlacklistRestController.updateIPAddressStatus,,,,YES,,,,YES
GET NgRaspIPBlacklistRestController.deleteAddress,,,,YES,,,,YES
GET NgRaspIPBlacklistRestController.editAddress,,,,YES,,,,YES
GET NgRaspIPBlacklistRestController.createAddress,,,,YES,,,,YES
GET NgRaspIPBlacklistRestController.createBlackListFromAttack,,,,YES,,,,YES
GET NgRaspIPBlacklistRestController.createBlackListFromEvent,,,,YES,,,,YES
GET NgRaspIPBlacklistRestController.checkName,,,,YES,,,,YES
GET NgRaspIPBlacklistRestController.checkNameUpdate,,,,YES,,,,YES
GET NgLogEnhancerOrganizationRestController.getLogEnhancers,,,,,,,,
GET NgLogEnhancerOrganizationRestController.getLogEnhancers,,,,YES,,,,YES
POST NgLogEnhancerOrganizationRestController.editEnabled,,,,YES,,,,YES
DELETE NgLogEnhancerOrganizationRestController.deleteLogEnhancers,,,,YES,,,,YES
POST NgLogEnhancerOrganizationRestController.editLogEnhancers,,,,YES,,,,YES
PUT NgLogEnhancerOrganizationRestController.createLogEnhancer,,,,YES,,,,YES
GET NgLogEnhancerOrganizationRestController.getLogEnhancerQuickFilters,,,,,,,,
GET NgVirtualPatchRestController.getPatches,,,,,,,,
GET NgVirtualPatchRestController.getPatch,,,,YES,,,,YES
GET NgVirtualPatchRestController.editAssessSettings,,,,YES,,,,YES
GET NgVirtualPatchRestController.deletePatch,,,,YES,,,,YES
GET NgVirtualPatchRestController.editPatch,,,,YES,,,,YES
GET NgVirtualPatchRestController.createPatch,,,,YES,,,,YES
GET NgVirtualPatchRestController.createPatchFromSample,,,,YES,,,,YES
GET NgVirtualPatchRestController.getVirtualPatchQuickFilters,,,,,,,,
GET NgAttackNotesRestController.getAttackNotes,,,,,,,,
GET NgAttackNotesRestController.addNote,,YES,,,,,,YES
GET NgAttackNotesRestController.editAttackNote,,YES,,,,,,YES
GET NgAttackNotesRestController.deleteAttackNote,,YES,,,,,,YES
GET NgAttackNotesRestController.countReadMessages,,,,,,,,
GET NgAttackNotesRestController.updateAttackNotesLastViewed,,,,,,,,
GET NgAttackRestController.getAttacks,,,,,,,,
POST NgAttackRestController.getAttacksV2,,,,,,,,
GET NgAttackRestController.getAttacksUUIds,,,,,,,,
POST NgAttackRestController.getAttacksUUIdsV2,,,,,,,,
GET NgAttackRestController.getAttack,,,,,,,,
GET NgAttackRestController.getActiveAttackSummary,,,,,,,,
GET NgAttackRestController.getTopAttacks,,,,,,,,
GET NgAttackRestController.exportToXML,,,,YES,,,,YES
GET NgAttackRestController.exportToCSV,,,,YES,,,,YES
GET NgAttackRestController.getAttackQuickFilters_Deprecated,,,,,,,,
GET NgAttackRestController.getAttacksFilters,,,,,,,,
GET NgAttackRestController.getFiltersTypes,,,,,,,,
POST NgAttackRestController.getFiltersTypesV2,,,,,,,,
GET NgAttackRestController.suppressAttack,,,,,,,,
POST NgAttackEventRestController.getAttackEvents,,,,,,,,
GET NgRaspEventListingRestController.getFilters,,,,,,,,
GET NgRaspEventsRestController.getFiltersTypes,,,,,,,,
POST NgRaspEventsRestController.getFiltersTypesV2,,,,,,,,
GET NgRaspEventsRestController.getEventQuickFilters,,,,,,,,
POST NgRaspEventsRestController.getEventQuickFiltersV2,,,,,,,,
GET NgRaspEventsRestController.getNewEvents,,,,,,,,
POST NgRaspEventsRestController.getNewEventsV2,,,,,,,,
GET NgRaspEventsRestController.getAttackOverviewEvents,,,,,,,,
GET NgRaspEventsRestController.getEventSummary,,,,,,,,
GET NgRaspEventsRestController.getEventNotes,,,,,,,,
GET NgRaspEventsRestController.addNote,,YES,,,,,,YES
GET NgRaspEventsRestController.editEventNote,,YES,,,,,,YES
GET NgRaspEventsRestController.deleteEventNote,,YES,,,,,,YES
GET NgRaspEventsRestController.countReadMessages,,,,,,,,
GET NgRaspEventsRestController.updateEventNotesLastViewed,,,,,,,,
GET NgRaspEventsRestController.suppressEvent,,,,,,,,
GET NgRaspEventsRestController.exportEventUserInputValue,,,,,,,,
GET NgRaspThreatsRestController.getTraffic,,,,,,,,
GET NgRaspLicensesRestController.getOrgProtectionLicenseBreakdown,,,,YES,,,,YES
GET NgRaspLicensesRestController.applyLicense,YES,,,,,,,YES
GET NgRaspLicensesRestController.removeLicense,YES,,,,,,,YES
GET NgRaspLicensesRestController.getUpcomingExpiredProtectionLicenses,YES,,,,,,,YES
GET NgRaspLicensesRestController.getOrgProtectLicensesUsage,YES,,,,,,,YES
GET NgRaspLicensesRestController.getOrgProtectLicensesUsageOldestDate,YES,,,,,,,YES
POST NgAttackEmailNotificationRestController.sendAttackEmailNotification,,,,,,,,
GET NgAttackMonitorRestController.getTopAttackers,,,,,,,,
GET NgAttackMonitorRestController.getTopEvents,,,,,,,,
GET NgAttackMonitorRestController.getTopApplications,,,,,,,,
GET NgAttackMonitorRestController.getStats,,,,,,,,
GET NgAttackMonitorRestController.getFilter,,,,,,,,
GET NgAttackMonitorRestController.getTimeline,,,,,,,,
GET NgProtectionPolicyRestController.getProtectionPolicies,,,,,,,,
GET NgProtectionRulesRestController.getProtectionRules,,,,,,,,
GET NgProtectionRulesRestController.getCveShields,,,,,,,,
GET NgProtectionRulesRestController.getRules,,,,,,,,
GET NgProtectionRulesRestController.getRule,,,,YES,,,,YES
POST NgProtectionRulesRestController.editProtectionConfigLevel,,,,,,,,
GET NgProtectionRulesRestController.editProtectionLevel,,,,YES,,,,YES
POST NgProtectionRulesRestController.editCveShieldOrgDefaultProtectionLevel,,,,,,,,
GET NgProtectionRulesRestController.updateAlertStatus,,,,YES,,,,YES
GET NgProtectionRulesRestController.getProtectionRulesSummary,,,,,,,,
GET NgProtectionRulesRestController.getProtectionRuleBreakdown,,,,YES,,,,YES
GET NgProtectionRulesRestController.getProtectionRuleQuickFilters,,,,YES,,,,YES
GET NgProtectionRulesRestController.getCveShieldsSummary,,,,,,,,
GET NgProtectionRulesRestController.getCveShieldBreakdown,,,,YES,,,,YES
GET NgProtectionRulesRestController.getCveShieldFilters,,,,YES,,,,YES
GET NgProtectionRulesRestController.getProtectionRulesPolicyQuickFilters,,,,,,,,
GET NgRaspUsersRestController.updateRASPAccess,YES,,,,,,,YES
GET NgRaspUsersRestController.getRaspUsersBase,YES,,,,,,,YES
GET NgRolesRestController.getRoles,,,,,,,,
GET NgRulesRestController.calculateSeverityValue,,,,,,,,
GET NgRulesRestController.getRulesData,,,,,,,,
GET NgRulesRestController.getRulesBase,,,,,,,,
GET NgRulesRestController.getRuleCustomization,,,,YES,,,,YES
GET NgRulesRestController.updateRuleStatus,,,,YES,,,,YES
GET NgRulesRestController.restoreDefaults,,,,YES,,,,YES
GET NgRulesRestController.updateRule,,,,YES,,,,YES
GET NgRulesRestController.getValidEnabledRulesForControls,,,,,,,,
GET NgRulesRestController.getRulesPolicyQuickFilters,,,,,,,,
GET NgRulesRestController.getAssessRuleDrilldown,,,,YES,,,,YES
GET NgRulesRestController.getRulesDrilldownQuickFilters,,,,,,,,
GET NgPublicSamlUserRestController.redirectToIdentityProvider,,,,,,,,
GET NgPublicSamlUserRestController.getPublicNodeMetadata,,,,,,,,
GET NgPublicSamlUserRestController.getPublicNodeUrl,,,,,,,,
GET NgSamlRestController.getSamlConfig,,,,,,,,
GET NgSamlRestController.addSamlConfig,,,,,,,,
GET NgSamlRestController.editSamlConfig,,,,,,,,
GET NgSamlRestController.deleteSamlConfig,,,,,,,,
GET NgSamlRestController.verifySamlConfig,,,,,,,,
GET NgScoresRestController.getScoresData,,,,,,,,
GET NgScoresRestController.getScoresDataIncludeDefense,,,,,,,,
GET NgScoresRestController.getPlatformScoreData,,,,,,,,
GET NgScoresRestController.getPlatformScoreDataIncludeDefense,,,,,,,,
GET NgScoresRestController.getSecurityScoreData,,,,,,,,
GET NgScoresRestController.getSecurityScoreDataIncludeDefense,,,,,,,,
GET NgScoresRestController.getVulnerabilityBreakdownData,,,,,,,,
GET NgScoresRestController.getRuleTitleBreakdownData,,,,,,,,
GET NgScoresRestController.getRuleCategoryBreakdownData,,,,,,,,
GET NgScoresRestController.getRuleSeverityBreakdownData,,,,,,,,
GET NgScoresRestController.getTraceStatusBreakdownData,,,,,,,,
GET NgScoresRestController.getServerTypeBreakdownData,,,,,,,,
GET NgScoresRestController.applicationsByGradeData,,,,,,,,
GET NgScoresRestController.getVulnerabilityBreakdownEnvSeverity,,,,,,,,
GET NgScoresRestController.getVulnerabilityBreakdownEnvStatus,,,,,,,,
GET NgScoresRestController.getVulnerabilityBreakdownRuleType,,,,,,,,
GET NgScoresRestController.attacksBreakdownStatus,,,,,,,,
GET NgScoresRestController.attacksBreakdownType,,,,,,,,
GET NgOrganizationSearchRestController.getSearchResults,,,,,,,,
GET NgSecurityRestController.getIPRange,YES,,,,,,,YES
GET NgSecurityRestController.saveIPRange,YES,,,,,,,YES
GET NgSecurityRestController.removeIPRange,YES,,,,,,,YES
GET NgSecurityRestController.getOrganizationTimeouts,YES,,,,,,,YES
GET NgSecurityRestController.updateOrganizationTimeouts,YES,,,,,,,YES
GET NgSecurityRestController.getLogs,YES,,YES,,,,,YES
GET NgSecurityRestController.getAuditLogsUTC,YES,,YES,,,,,YES
GET NgSecurityCheckRestController.createSecurityCheck,,,,,,,,
GET NgDiagnosticCollectionRestController.getDiagnosticCollectionData,,,,,,,,
PUT NgDiagnosticCollectionRestController.editDiagnosticCollectionSettings,YES,,,,,,,YES
GET NgServerAttackRestController.getServerAttacks,,,,,,,,
GET NgServerBulkUpdateRestController.delete,YES,,,,,,,YES
GET NgServerBulkUpdateRestController.tag,,YES,,,,,,YES
GET NgServerBulkUpdateRestController.settingsByFilters,,YES,,,,,,YES
GET NgServerBulkUpdateRestController.settings,,YES,,,,,,YES
GET NgServerLibraryRestController.getServerLibrariesWithFilters,,,,,,,,
GET NgServerLibraryRestController.getServerLibraries,,,,,,,,
GET NgServerLibraryRestController.getLibrariesStats,,,,,,,,
GET NgServerLibraryRestController.getSbomForServer,,,,,,,,
GET NgServerLibraryRestController.getLibrariesScoreBreakdown,,,,,,,,
GET NgServerLibraryRestController.getLibrariesOutOfDateBreakdown,,,,,,,,
GET NgServerLibraryRestController.getFiltersTypes,,,,,,,,
GET NgServersRestController.getServersFilters,,,,,,,,
GET NgServersRestController.getFiltersTypes,,,,,,,,
POST NgServersRestController.getFiltersTypesV2,,,,,,,,
GET NgServersRestController.getServersByFilter,,,,,,,,
POST NgServersRestController.getServersByFilterV2,,,,,,,,
GET NgServersRestController.getServerQuickFilters,,,,,,,,
POST NgServersRestController.getServerQuickFiltersV2,,,,,,,,
GET NgServersRestController.getServersBase,,,,,,,,
GET NgServersRestController.getServersAssessAndDefend,,,,,,,,
GET NgServersRestController.serverData,,,,,,,,
GET NgServersRestController.serverLibraryBreakdown,,,,,,,,
GET NgServersRestController.getTotalAttackUrls,,,,,,,,
GET NgServersRestController.getServerSettings,,,,,,,,
GET NgServersRestController.editServerSettings,,YES,,,,,,YES
GET NgServersRestController.editServerDefenseSettings,,YES,,,,,,YES
GET NgServersRestController.editAssessSettings,YES,,,,,,,YES
GET NgServersRestController.editProtectSettings,,,,YES,,,,YES
GET NgServersRestController.updateServerEnvironment,YES,,,,,,,YES
GET NgServersRestController.deleteServer,YES,,,,,,,YES
GET NgServersRestController.getAppTracesCount,,,,,,,,
GET NgServersRestController.getServerActivityByInterval,,,,,,,,
GET NgServersRestController.getServerTypes,,,,,,,,
GET NgServersRestController.getServerProperties,,,,,,,,
GET NgServersRestController.getServerVulnerabilitySeverityBreakdown,,,,,,,,
GET NgServersRestController.getServerVulnerabilityStatusBreakdown,,,,,,,,
GET NgServersRestController.getServerVulnerabilityRuleTypeBreakdown,,,,,,,,
GET NgServersRestController.serverAttackStatusBreakdown,,,,,,,,
GET NgServersRestController.serverAttackTypeBreakdown,,,,,,,,
GET NgServersRestController.updateDisplayName,YES,,,,,,,YES
GET NgServersRestController.hasActiveServer,,,,,,,,
GET NgServersRestController.syslogDisable,,YES,,,,,,YES
GET NgServersRestController.getSyslogServerSettings,,,,,,,,
GET NgServersRestController.editSyslogServerSettings,,YES,,,,,,YES
PUT NgSuperadminAccessManagementRestController.grantSuperadminRole,,,,,,,,
DELETE NgSuperadminAccessManagementRestController.revokeSuperadminRole,,,,,,,,
GET NgSuperadminAgentFeatureRestController.updateAgentFeatureLanguages,,,,,,,,
GET NgSuperadminAgentFeatureRestController.addAgentFeatureLanguage,,,,,,,,
GET NgSuperadminAgentFeatureRestController.removeAgentFeatureLanguage,,,,,,,,
GET NgSuperadminApplicationsRestController.getApplicationsBase,,,,,,,,
GET NgSuperadminApplicationsRestController.getApplications,,,,,,,,
GET NgSuperadminApplicationsRestController.getApplicationsBaseByOrganizations,,,,,,,,
GET NgSuperadminApplicationsRestController.updateLicenseExpiration,,,,,,,,
GET NgSuperadminApplicationsRestController.updateLicenseLevel,,,,,,,,
PUT NgSuperadminApplicationsRestController.updateDisplayName,,,,,,,,
GET NgSuperadminApplicationsRestController.getApplicationsFilters,,,,,,,,
GET NgSuperadminApplicationsRestController.getFiltersTypes,,,,,,,,
DELETE NgSuperadminApplicationsRestController.deleteApplication,,,,,,,,
GET NgSuperadminCveShieldRestController.getCveShields,,,,,,,,
GET NgSuperadminLibraryRestController.getLibrariesBase,,,,,,,,
GET NgSuperadminModulesRestController.getApplicationModules,,,,,,,,
GET NgSuperadminOrganizationAgreementsRestController.getProtectOrganizationAgreement,,,,,,,,
PUT NgSuperadminOrganizationAgreementsRestController.createOrUpdateProtectOrganizationAgreement,,,,,,,,
GET NgSuperadminOrganizationApplicationsRestController.getBasicAppInfo,,,,,,,,
GET NgSuperadminOrganizationApprovalWorkflowRestController.getApprovalWorkflowConfiguration,,,,,,,,
GET NgSuperadminOrganizationsRestController.getOrganizationsBase,,,,,,,,
GET NgSuperadminOrganizationsRestController.getOrganizations,,,,,,,,
GET NgSuperadminOrganizationsRestController.getOrganization,,,,,,,,
GET NgSuperadminOrganizationsRestController.createOrganization,,,,,,,,
GET NgSuperadminOrganizationsRestController.createOrganizationRasp,,,,,,,,
GET NgSuperadminOrganizationsRestController.updateOrganization,,,,,,,,
GET NgSuperadminOrganizationsRestController.updateOrganizationRasp,,,,,,,,
GET NgSuperadminOrganizationsRestController.deleteOrganization,,,,,,,,
GET NgSuperadminOrganizationsRestController.getDefaultPasswordPolicy,,,,,,,,
GET NgSuperadminOrganizationsRestController.updateLockStatus,,,,,,,,
GET NgSuperadminOrganizationsRestController.manageOrganization,,,,,,,,
GET NgSuperadminOrganizationsRestController.getOrganizationApiKey,,,,,,,,
GET NgSuperadminOrganizationsRestController.getPasswordPolicy,,,,,,,,
GET NgSuperadminOrganizationsRestController.toggleProtection,,,,,,,,
GET NgSuperadminOrganizationsRestController.getGlobalAssessmentBreakdown,,,,,,,,
GET NgSuperadminOrganizationsRestController.getGlobalProtectionLicenseBreakdown,,,,,,,,
GET NgSuperadminOrganizationsRestController.getOrgAssessmentBreakdown,,,,,,,,
GET NgSuperadminOrganizationsRestController.getOrgProtectionLicenseBreakdown,,,,,,,,
GET NgSuperadminOrganizationsRestController.assignAssessmentLicenses,,,,,,,,
GET NgSuperadminOrganizationsRestController.revokeAssessmentLicenses,,,,,,,,
GET NgSuperadminOrganizationsRestController.revokeProtectLicenses,,,,,,,,
GET NgSuperadminOrganizationsRestController.updateAssessmentExpirationDate,,,,,,,,
GET NgSuperadminOrganizationsRestController.updateProtectionExpirationDate,,,,,,,,
GET NgSuperadminProtectionRulesRestController.getRulesData,,,,,,,,
GET NgSuperadminRulesRestController.getRulesData,,,,,,,,
GET NgSuperadminSecurityAuditLogRestController.getAuditLogs,,,,,,,,
GET NgSuperadminServersRestController.getServers,,,,,,,,
GET NgSuperadminServersRestController.updateDisplayName,,,,,,,,
GET NgSuperadminSilentTelemetryRestController.updateSilentTelemetryFeature,,,,,,,,
GET NgSuperadminTeamserverPreferencesRestController.updateTeamServerPreference,,,,,,,,
GET NgSuperadminTeamserverPreferencesRestController.updateTelemetryTeamserverPreference,,,,,,,,
GET NgSuperadminTracesRestController.getVulnerabilitiesByRuleAndLanguage,,,,,,,,
GET NgSuperadminTracesRestController.getVulnerabilitiesByRule,,,,,,,,
GET NgSuperadminTracesRestController.getVulnerability,YES,,,,,,,YES
GET NgSuperadminTracesRestController.getVulnerabilityStory,YES,,,,,,,YES
GET NgSuperadminTracesRestController.getVulnerabilityRoutes,YES,,,,,,,YES
GET NgSuperadminTracesRestController.getVulnerabilityServers,YES,,,,,,,YES
GET NgSuperadminTracesRestController.getVulnerabilityRequirements,YES,,,,,,,YES
GET NgSuperadminTracesRestController.getVulnerabilityRecommendation,YES,,,,,,,YES
GET NgSuperadminTracesRestController.getVulnerabilityNotes,YES,,,,,,,YES
GET NgSuperadminTracesRestController.addNote,YES,,,,,,,YES
GET NgSuperadminTracesRestController.editVulnerabilityNote,YES,,,,,,,YES
GET NgSuperadminTracesRestController.deleteVulnerabilityNote,YES,,,,,,,YES
GET NgSuperadminTracesRestController.hasVulnerabiityUnreadNotes,YES,,,,,,,YES
GET NgSuperadminTracesRestController.updateTraceNotesLastViewed,YES,,,,,,,YES
GET NgSuperadminTracesRestController.getVulnerabilityInstanceEventsSummary,YES,,,,,,,YES
GET NgSuperadminTracesRestController.getVulnerabilityEventsSummaryDetails,YES,,,,,,,YES
GET NgSuperadminTracesRestController.getVulnerabilityHttpRequest,YES,,,,,,,YES
GET NgSuperadminTracesRestController.getVulnerabilityHttpRequestDetails,YES,,,,,,,YES
GET NgSuperadminTracesRestController.exportToCSV,YES,,,,,,,YES
GET NgSuperadminTracesRestController.exportToXML,YES,,,,,,,YES
GET NgSuperadminTracesRestController.getVulnerabilityInstanceMetadata,YES,,,,,,,YES
GET NgSuperadminUsersRestController.checkActiveUser,,,,,,,,
GET NgSuperadminUsersRestController.getRoles,,,,,,,,
GET NgSuperadminUsersRestController.getUsersBase,,,,,,,,
GET NgSuperadminUsersRestController.getUsersBaseByOrganization,,,,,,,,
GET NgSuperadminUsersRestController.getQuickFilters,,,,,,,,
GET NgSuperadminUsersRestController.getUsers,,,,,,,,
GET NgSuperadminUsersRestController.getUserData,,,,,,,,
GET NgSuperadminUsersRestController.deleteUser,,,,,,,,
GET NgSuperadminUsersRestController.updateEnabled,,,,,,,,
GET NgSuperadminUsersRestController.updateUser,,,,,,,,
GET NgSuperadminUsersRestController.impersonateUser,,,,,,,,
GET NgSuperadminUsersRestController.updateLockStatus,,,,,,,,
GET NgSuperadminUsersRestController.activateUser,,,,,,,,
GET NgSuperadminUsersRestController.resendInvitation,,,,,,,,
GET NgSuperadminUsersRestController.getPasswordPolicy,,,,,,,,
GET NgSuperadminUsersRestController.getOrganizationsAllowed,,,,,,,,
GET NgSuperadminUsersRestController.getOrganizationAccess,,,,,,,,
GET NgSuperadminUsersRestController.getSystemAccess,,,,,,,,
GET NgSuperadminUsersRestController.getApplicationQuickFilters,,,,,,,,
GET NgSuperadminUsersRestController.getSystemQuickFilters,,,,,,,,
GET NgSuperadminUsersRestController.getUsers,,,,,,,,
GET NgSuperadminUsersRestController.getKeys,,,,,,,,
GET NgSuperadminUsersRestController.getApiKey,,,,,,,,
GET NgSuperadminUsersRestController.getAgentUserKeys,,,,,,,,
GET NgSuperadminUsersRestController.rotateConfigKey,,,,,,,,
PUT NgSuperadminUsersRestController.rotoateServiceAccountServiceKey,,,,,,,,
GET NgSuperadminUsersRestController.rotateAgentUserServiceKey,,,,,,,,
GET NgSuperadminUsersRestController.togglePortal,,,,,,,,
GET NgSuperadminUsersRestController.createUser,,,,,,,,
GET NgSuperadminUsersRestController.getSuperadminUsers,,,,,,,,
GET NgSuperadminUsersRestController.getOrganizationRole,,,,,YES,YES,,YES
GET NgSuperadminUsersRestController.getUserBaseForGroups,,,,,,,,
GET NgSuperadminUsersRestController.createUsersByCsv,,,,,,,,
GET NgSuperadminVulnerabilitiesRestController.getVulnerabilityInstanceDetails,YES,,,,,,,YES
GET SuperAdminScimUsersRestController.findOrganizationUsers,,,,,,,,
GET SuperAdminScimUsersRestController.findByUserId,,,,,,,,
POST SuperAdminScimUsersRestController.searchForUser,,,,,,,,
PUT SuperAdminScimUsersRestController.deactivateUser,,,,,,,,
PUT SuperAdminScimUsersRestController.activateUser,,,,,,,,
GET NgSuperadminAccessGroupsRestController.getQuickFilters,,,,,,,,
GET NgSuperadminAccessGroupsRestController.getGroups,,,,,,,,
GET NgSuperadminAccessGroupsRestController.getSystemGroup,,,,,,,,
GET NgSuperadminAccessGroupsRestController.getOrganizationalGroup,,,,,,,,
GET NgSuperadminAccessGroupsRestController.getSystemGroupUsers,,,,,,,,
GET NgSuperadminAccessGroupsRestController.getOrganizationalGroupUsers,,,,,,,,
GET NgSuperadminAccessGroupsRestController.getOrganizationalGroupApplications,,,,,,,,
GET NgSuperadminAccessGroupsRestController.getSystemGroupOrganizations,,,,,,,,
GET NgSuperadminAccessGroupsRestController.getOrganizationalGroupOrganizations,,,,,,,,
GET NgSuperadminAccessGroupsRestController.getSystemGroupOrganizations,,,,,,,,
GET NgSuperadminAccessGroupsRestController.getOrganizationalGroupOrganizations,,,,,,,,
GET NgSuperadminAccessGroupsRestController.checkName,,,,,,,,
GET NgSuperadminAccessGroupsRestController.checkNameUpdate,,,,,,,,
GET NgSuperadminAccessGroupsRestController.createSystemAccessGroup,,,,,,,,
GET NgSuperadminAccessGroupsRestController.createOrganizationalAccessGroup,,,,,,,,
GET NgSuperadminAccessGroupsRestController.updateSystemAccessGroup,,,,,,,,
GET NgSuperadminAccessGroupsRestController.updateOrganizationalAccessGroup,,,,,,,,
GET NgSuperadminAccessGroupsRestController.deleteAccessGroup,,,,,,,,
GET NgSuperadminAccessGroupsRestController.addUserToGroup,,,,,,,,
GET NgSuperadminAccessGroupsRestController.getGroups,,,,,,,,
GET NgSuperadminAccessGroupsRestController.getGroupsBase,,,,,,,,
GET NgSuperadminAccessGroupsRestController.getAccessGroups,,,,,,,,
GET NgSuperadminAccessGroupsRestController.getAccessGroupsBase,,,,,,,,
GET NgSuperadminRolesRestController.getSystemRoles,,,,,,,,
GET NgSuperadminRolesRestController.getOrganizationalRoles,,,,,,,,
GET NgSuperadminDashboardRestController.getSummaryBarStats,,,,,,,,
GET NgSuperadminDashboardRestController.getTopOrganizations,,,,,,,,
GET NgSuperadminDashboardRestController.getTopTechnologies,,,,,,,,
GET NgSuperadminDashboardRestController.getTopGroups,,,,,,,,
GET NgSuperadminDashboardRestController.getLicensesBreakdown,,,,,,,,
GET NgSuperadminDashboardRestController.getVulnerabilityBreakdownSeverity,,,,,,,,
GET NgSuperadminDashboardRestController.getVulnerabilityBreakdownStatus,,,,,,,,
GET NgSuperadminDashboardRestController.getVulnerabilityBreakdownRuleType,,,,,,,,
GET NgSuperadminDashboardRestController.attacksBreakdownStatus,,,,,,,,
GET NgSuperadminDashboardRestController.attacksBreakdownType,,,,,,,,
GET NgSuperadminLanguageRestController.getAgentLanguages,,,,,,,,
GET NgSuperadminSearchRestController.getSearchResults,,,,,,,,
GET NgSuperadminAuthenticationAdRestController.getAuthADInformation,,,,,,,,
GET NgSuperadminAuthenticationAdRestController.testAuthADConnection,,,,,,,,
GET NgSuperadminAuthenticationAdRestController.getADAvailableGroups,,,,,,,,
GET NgSuperadminAuthenticationAdRestController.testADLogin,,,,,,,,
GET NgSuperadminAuthenticationAdRestController.updateAuthADProperties,,,,,,,,
GET NgSuperadminAuthenticationLdapRestController.getAuthLDAPInformation,,,,,,,,
GET NgSuperadminAuthenticationLdapRestController.testAuthLDAPConnection,,,,,,,,
GET NgSuperadminAuthenticationLdapRestController.getAvailableGroups,,,,,,,,
GET NgSuperadminAuthenticationLdapRestController.testLogin,,,,,,,,
GET NgSuperadminAuthenticationLdapRestController.updateAuthLDAPProperties,,,,,,,,
GET NgSuperadminAuthenticationRestController.getAuthenticationMode,,,,,,,,
GET NgSuperadminAuthenticationRestController.setAuthModeToDB,,,,,,,,
GET NgSuperadminContrastSettingsRestController.getContrastSettingsInformation,,,,,,,,
GET NgSuperadminContrastSettingsRestController.updateContrastSettingsProperties,,,,,,,,
GET NgSuperadminContrastSettingsRestController.getContrastSettingsSessionInformation,,,,,,,,
GET NgSuperadminContrastSettingsRestController.updateContrastSettingsSessionProperties,,,,,,,,
GET NgSuperadminGeneralRestController.getGeneralInformation,,,,,,,,
GET NgSuperadminGeneralRestController.updateGeneralProperties,,,,,,,,
GET NgSuperadminGeneralRestController.getInternetSettings,,,,,,,,
GET NgSuperadminGeneralRestController.updateInternetSettings,,,,,,,,
GET NgSuperadminGeneralRestController.testHubProperties,,,,,,,,
GET NgSuperadminGeneralRestController.testDiagnostics,,,,,,,,
GET NgSuperadminLicenseRestController.getLicense,,,,,,,,
GET NgSuperadminLicenseRestController.updateLicense,,,,,,,,
GET NgSuperadminLicenseRestController.updateLicenseFromHub,,,,,,,,
GET NgSuperadminLicenseRestController.getAssessmentLicensesBreakdown,,,,,,,,
GET NgSuperadminLicenseRestController.getUpcomingExpiredAssessmentLicenses,,,,,,,,
GET NgSuperadminLicenseRestController.updateAutoLicensingForAssessment,,,,,,,,
GET NgSuperadminLicenseRestController.getProtectionLicensesBreakdown,,,,,,,,
GET NgSuperadminLicenseRestController.getUpcomingExpiredProtectionLicenses,,,,,,,,
GET NgSuperadminLicenseRestController.updateAutoLicensingForProtection,,,,,,,,
GET NgSuperadminLicenseRestController.updateServerEnvironmentAutoLicensingForProtection,,,,,,,,
GET NgSuperadminMailRestController.getMailInformation,,,,,,,,
GET NgSuperadminMailRestController.testMailProperties,,,,,,,,
GET NgSuperadminMailRestController.updateMailProperties,,,,,,,,
GET NgSuperadminPolicyRestController.getLibraryPolicyInformation,,,,,,,,
GET NgSuperadminPolicyRestController.updateLibraryPolicyInformation,,,,,,,,
GET NgSuperadminPolicyRestController.getScoringPolicyInformation,,,,,,,,
GET NgSuperadminPolicyRestController.updateScoringPolicyInformation,,,,,,,,
GET NgSuperadminSamlRestController.getSamlConfiguration,,,,,,,,
GET NgSuperadminSamlRestController.addSamlConfig,,,,,,,,
GET NgSuperadminSamlRestController.editSamlConfig,,,,,,,,
GET NgSuperadminSamlRestController.deleteSamlConfig,,,,,,,,
GET NgSuperadminSamlRestController.getSAMLSettings,,,,,,,,
GET NgSuperadminSamlRestController.updateSamlSettings,,,,,,,,
GET NgSuperadminSamlRestController.verifySamlConfig,,,,,,,,
GET NgSuperadminSecurityRestController.getSecurityInformation,,,,,,,,
GET NgSuperadminSecurityRestController.updateSecurityProperties,,,,,,,,
GET NgSuperadminTsvSettingsRestController.getTsvSettings,,,,,,,,
GET NgSuperadminTsvSettingsRestController.updateTsvSettings,,,,,,,,
GET NgTagsRestController.tagServers,,,,,,,,
GET NgTagsRestController.getServerTagsByOrganization,,,,,,,,
GET NgTagsRestController.getServerTagsByServer,,,,,,,,
GET NgTagsRestController.deleteServerTag,,YES,,,,,,YES
GET NgTagsRestController.tagServersBulk,,,,,,,,
GET NgTagsRestController.getServerTagsBulk,,,,,,,,
GET NgTagsRestController.getServerTagsByApplication,,,,,,,,
GET NgTagsRestController.getApplicationTagsByOrganization,,,,,,,,
GET NgTagsRestController.tagApplications,,,,,,,,
GET NgTagsRestController.getApplicationTagsByApplication,,,,,,,,
GET NgTagsRestController.tagApplicationsBulk,,,,,,,,
GET NgTagsRestController.getApplicationTagsBulk,,,,,,,,
GET NgTagsRestController.deleteApplicationTag,,YES,,,,,,YES
GET NgTagsRestController.tagVulnerabilities,,,,,,,,
GET NgTagsRestController.deleteVulnerabilityTag,,YES,,,,,,YES
GET NgTagsRestController.getVulnerabilityTags,,,,,,,,
GET NgTagsRestController.getVulnerabilityTagsByApplication,,,,,,,,
GET NgTagsRestController.getVulnerabilityTagsByServer,,,,,,,,
GET NgTagsRestController.getVulnerabilityTagsByOrganization,,,,,,,,
GET NgTagsRestController.tagVulnerabilitiesBulk,,,,,,,,
GET NgTagsRestController.getVulnerabilitiesTagsBulk,,,,,,,,
GET NgTagsRestController.getLibraryTagsByOrganization,,,,,,,,
GET NgTagsRestController.getLibraryTagsByApplication,,,,,,,,
GET NgTagsRestController.deleteLibraryTag,,YES,,,,,,YES
GET NgTagsRestController.tagLibrariesBulk,,,,,,,,
GET NgTagsRestController.addLibrariesTags,,,,,,,,
GET NgTagsRestController.removeLibrariesTags,,YES,,,,,,YES
GET NgTagsRestController.getLibrariesTags,,,,,,,,
GET NgTagsRestController.tagAttacks,,YES,,,,,,YES
GET NgTagsRestController.getAttackTagsByOrganization,,,,,,,,
GET NgTagsRestController.getAttackTagsByAttack,,,,,,,,
GET NgTagsRestController.deleteAttackTag,,YES,,,,,,YES
GET NgTagsRestController.tagAttacksBulk,,YES,,,,,,YES
GET NgTagsRestController.getAttackTagsBulk,,,,,,,,
GET NgTagsRestController.tagEvents,,YES,,,,,,YES
GET NgTagsRestController.getEventTagsByOrganization,,,,,,,,
GET NgTagsRestController.getEventTagsByEvent,,,,,,,,
GET NgTagsRestController.deleteEventTag,,YES,,,,,,YES
GET NgTagsRestController.tagEventsBulk,,YES,,,,,,YES
GET NgTagsRestController.getEventTagsBulk,,,,,,,,
GET NgTeamserverPreferencesRestController.getTeamServerPreference,,,,,,,,
GET NgTechnologiesRestController.getTechnologies,,,,,,,,
GET NgApplicationTraceFilterListingRestController.getNewFilters,,,,,,,,
GET NgApplicationTraceListingRestController.getFiltersTypes,,,,,,,,
POST NgApplicationTraceListingRestController.getFiltersTypesV2,,,,,,,,
GET NgApplicationTraceListingRestController.getApplicationVulnerabilities,,,,,,,,
POST NgApplicationTraceListingRestController.getApplicationVulnerabilitiesV2,,,,,,,,
GET NgApplicationTracesRestController.getVulnerability,,,,,,,,
GET NgApplicationTracesRestController.getVulnerabilityServers,,,,,,,,
GET NgApplicationTracesRestController.getVulnerabilityRequirements,,,,,,,,
GET NgApplicationTracesRestController.markStatus,,,,,,,,
GET NgApplicationTracesRestController.deleteVulnerabilities,,YES,,,,,,YES
DELETE NgApplicationTracesRestController.deleteVulnerability,,YES,,,,,,YES
GET NgApplicationTracesRestController.shareVulnerabilitiesViaEmail,,YES,,,,,,YES
GET NgApplicationTracesRestController.exportToXML,,,,,,,,
GET NgApplicationTracesRestController.exportToCSV,,,,,,,,
GET NgApplicationTracesRestController.exportAllVulnerabilitiesToXML,,,,,,,,
GET NgApplicationTracesRestController.exportAllVulnerabilitiesToCSV,,,,,,,,
GET NgApplicationTracesRestController.getVulnerabilityQuickFilters,,,,,,,,
GET NgApplicationTracesRestController.mergeDuplicates,,YES,,,,,,YES
GET NgApplicationTracesRestController.sendToBugtrackers,,YES,,,,,,YES
GET NgApplicationTracesRestController.getTracesWithPolicyViolations,,,,,,,,
GET NgApplicationTracesRestController.getVulnerabilitySeveritySnapshots,,,,,,,,
POST NgApplicationTracesRestController.getVulnerabilitySeveritySnapshotsV2,,,,,,,,
GET NgApplicationTracesRestController.getVulnerabilitiesUUIds,,,,,,,,
GET NgApplicationTracesRestController.checkVulnerabilityVisibility,,,,,,,,
GET NgApplicationTracesRestController.getVulnerabilityShort,,,,,,,,
GET NgApplicationTracesRestController.updateSeverity,,,,YES,,,,YES
GET NgApplicationTracesRestController.getVulnerabilityRoutes,,,,,,,,
GET NgApplicationTracesRestController.getVulnerabilityDiscoverySnapshots,,,,,,,,
POST NgApplicationTracesRestController.getVulnerabilityDiscoverySnapshotsV2,,,,,,,,
GET NgApplicationTracesRestController.getVulnerabilityInstanceMetadata,,,,,,,,
GET NgOrgTraceBulkExportRestController.exportXML,,,,,,,,
GET NgOrgTraceBulkExportRestController.exportXMLAsync,,,,,,,,
GET NgOrgTraceBulkExportRestController.exportCSV,,,,,,,,
POST NgOrgTraceBulkExportRestController.exportCSVAsync,,,,,,,,
GET NgOrgTraceBulkUpdateRestController.tag,,,,,,,,
GET NgOrgTraceBulkUpdateRestController.markStatus,,,,,,,,
GET NgOrgTraceBulkUpdateRestController.delete,,,,,,,,
GET NgOrgTraceBulkUpdateRestController.sendToBugtracker,,YES,,,,,,YES
GET NgOrgTracesBulkShareRESTController.shareTracesViaEmail,,,,,,,,
GET NgOrganizationTraceListingRestController.getFiltersTypes,,,,,,,,
POST NgOrganizationTraceListingRestController.getFiltersTypesV2,,,,,,,,
POST NgOrganizationTraceListingRestController.getVulnerabilityApplicationMetadataFilters,,,,,,,,
GET NgOrganizationTraceListingRestController.getOrganizationVulnerabilities,,,,,,,,
POST NgOrganizationTraceListingRestController.getOrganizationVulnerabilitiesV2,,,,,,,,
GET NgOrganizationTraceListingRestController.getOrgVulnerability,,,,,,,,
GET NgOrganizationTracesRestController.getVulnerabilityQuickFilters,,,,,,,,
POST NgOrganizationTracesRestController.getVulnerabilityQuickFiltersV2,,,,,,,,
GET NgOrganizationTracesRestController.markStatus,,,,,,,,
DELETE NgOrganizationTracesRestController.deleteVulnerabilities,,YES,,,,,,YES
DELETE NgOrganizationTracesRestController.deleteVulnerability,,YES,,,,,,YES
GET NgOrganizationTracesRestController.shareVulnerabilitiesViaEmail,,YES,,,,,,YES
GET NgOrganizationTracesRestController.exportToXML,,,,,,,,
GET NgOrganizationTracesRestController.exportVulnsToCSV,,,,,,,,
GET NgOrganizationTracesRestController.exportAllVulnerabilitiesToXML,,,,,,,,
GET NgOrganizationTracesRestController.exportAllVulnerabilitiesToCSV,,,,,,,,
GET NgOrganizationTracesRestController.getTracesWithPolicyViolations,,,,,,,,
GET NgOrganizationTracesRestController.getVulnerabilitiesUUIds,,,,,,,,
GET NgOrganizationTracesRestController.checkVulnerabilityVisibility,,,,,,,,
GET NgOrganizationTracesRestController.getVulnerabilityShort,,,,,,,,
GET NgOrganizationTracesRestController.updateSeverity,,,,YES,,,,YES
GET NgServerTraceListingRestController.getFiltersTypes,,,,,,,,
GET NgServerTraceListingRestController.getServerVulnerabilities,,,,,,,,
GET NgServerTraceListingRestController.getServerVulnerability,,,,,,,,
GET NgServerTracesRestController.markStatus,,,,,,,,
GET NgServerTracesRestController.deleteVulnerabilities,,YES,,,,,,YES
GET NgServerTracesRestController.deleteVulnerability,,YES,,,,,,YES
GET NgServerTracesRestController.shareVulnerabilitiesViaEmail,,YES,,,,,,YES
GET NgServerTracesRestController.exportToXML,,,,,,,,
GET NgServerTracesRestController.exportToCSV,,,,,,,,
GET NgServerTracesRestController.exportAllTracesToXMLNew,,,,,,,,
GET NgServerTracesRestController.exportAllVulnerabilitiesToCSV,,,,,,,,
GET NgServerTracesRestController.getVulnerabilityQuickFilters,,,,,,,,
GET NgServerTracesRestController.getTracesWithPolicyViolations,,,,,,,,
GET NgServerTracesRestController.getVulnerabilitiesUUIDs,,,,,,,,
GET NgServerTracesRestController.checkVulnerabilityVisibility,,,,,,,,
GET NgServerTracesRestController.getVulnerabilityShort,,,,,,,,
GET NgServerTracesRestController.updateSeverity,,,,YES,,,,YES
GET NgTraceDetailsRestController.getAllVulnerabilities,,,,,,,,
GET NgTraceFilterListingRestController.getFilters,,,,,,,,
GET NgTraceFilterListingRestController.getNewFilters,,,,,,,,
GET NgTraceFilterListingRestController.getFiltersWithoutServers,,,,,,,,
GET NgTraceNotesRestController.getVulnerabilityNotes,,,,,,,,
GET NgTraceNotesRestController.addNote,,,,,,,,
GET NgTraceNotesRestController.editVulnerabilityNote,,,,,,,,
GET NgTraceNotesRestController.deleteVulnerabilityNote,,,,,,,,
GET NgTraceNotesRestController.hasUnreadNotes,,,,,,,,
GET NgTraceNotesRestController.updateTraceNotesLastViewed,,,,,,,,
GET NgVulnerabilitySummaryRestController.quickSearch,,,,,,,,
GET NgVulnerabilitySummaryRestController.getVulnerabilityStory,,,,,,,,
GET NgVulnerabilitySummaryRestController.getVulnerabilityHttpRequest,,,,,,,,
GET NgVulnerabilitySummaryRestController.getVulnerabilityHttpRequestDetails,,,,,,,,
GET NgVulnerabilitySummaryRestController.getVulnerabilityRecommendation,,,,,,,,
GET NgVulnerabilitySummaryRestController.getVulnerabilityEventsSummary,,,,,,,,
GET NgVulnerabilitySummaryRestController.getVulnerabilityEventsDetails,,,,,,,,
GET NgVulnerabilitySummaryRestController.deleteVulnerabilityInstanceProperty,,YES,,,,,,YES
GET NgVulnerabilitySummaryRestController.getApis,,,,,,,,
GET NgTsvEmailProviderRestController.sendEmailCode,,,,,,,,
GET NgTsvEmailProviderRestController.resetSendEmailCode,,,,,,,,
POST NgTsvEmailProviderRestController.authorize,,,,,,,,
GET NgTsvGoogleAuthenticatorProviderRestController.getGoogleAuthenticationCredentials,,,,,,,,
POST NgTsvGoogleAuthenticatorProviderRestController.authorize,,,,,,,,
GET NgTsvOnboardRestController.getOnboardSettings,,,,,,,,
GET NgTsvOnboardRestController.setOnboardShown,,,,,,,,
GET NgTsvOnboardRestController.getOnboardShown,,,,,,,,
GET NgTsvRestController.resetCredentials,,,,,,,,
PUT NgTsvRestController.updateTsvType,,,,,,,,
GET NgTsvRestController.getTsvUserSettingsForLogin,,,,,,,,
POST NgTsvRestController.authorize,,,,,,,,
POST NgTsvRestController.initiliaze,,,,,,,,
POST NgTsvRestController.authorizeScratchCode,,,,,,,,
POST NgTsvRestController.sendEmail,,,,,,,,
GET NgTsvTrustedDeviceRestController.authorize,,,,,,,,
GET NgExternalUsersRestController.getUsers,YES,,,,,,,YES
GET NgOrganizationUserProfileRestController.getCurrentUserInformation,,,,,,,,
GET NgReportPreferencesRestController.getReportPreferences,,,,,,,,
GET NgUserAvatarRestController.getUserAvatarUrl,,,,,,,,
GET NgUserAvatarRestController.getUserAvatar,,,,,,,,
GET NgUserAvatarRestController.uploadUserAvatar,,,,,,,,
GET NgUserAvatarRestController.setDefaultAvatar,,,,,,,,
GET NgUserAvatarRestController.removeUserAvatar,,,,,,,,
GET NgUserKeysRestController.rotateConfigKey,YES,,,,,,,YES
GET NgUserKeysRestController.rotateAgentUserServiceKey,YES,,,,,,,YES
GET NgUserKeysRestController.getApiKey,,,,,,,,
GET NgUserKeysRestController.getAgentUserKeys,,YES,,,,,,YES
PUT NgUserKeysRestController.rotateApiOnlyUserServiceKey,YES,,,,,,,YES
GET NgUserPreferencesRestController.updateUserReportPreferences,,,,,,,,
GET NgUserPreferencesRestController.updateUserAdPreferences,,,,,,,,
GET NgUserPreferencesRestController.getAdPreferences,,,,,,,,
GET NgUserPreferencesRestController.getTraceCommentPreference,,,,,,,,
GET NgUserPreferencesRestController.deleteNewUserOnboardingPreference,,,,,,,,
GET NgUserPreferencesRestController.getNewUserOnboardingPreference,,,,,,,,
GET NgUserPreferencesRestController.updateUserSurveyState,,,,,,,,
GET NgUserPreferencesRestController.getUserSurveyState,,,,,,,,
GET NgUserPreferencesRestController.setAppOnboardingPreference,,,,,,,,
GET NgUserPreferencesRestController.getAppOnboardingPreference,,,,,,,,
GET NgUserPreferencesRestController.deleteNewUserNotificationPreference,,,,,,,,
GET NgUserPreferencesRestController.getNewUserNotificacionPreference,,,,,,,,
GET NgUserSessionRestController.checkActiveUser,,,,,,,,
GET NgUserTsvRestController.getUserTsvSettings,,,,,,,,
GET NgUserTsvRestController.editUserTSVSettings,,,,,,,,
GET NgUserTsvRestController.editEnabledUserTSVStatus,,,,,,,,
GET NgUserTsvRestController.editEnabledUserTSVType,,,,,,,,
GET NgUserTsvRestController.editEnabledUserTSVDevice,,,,,,,,
GET NgUsersRestController.getQuickFilters,,,,,,,,
GET NgUsersRestController.getUsersData,YES,,,,,,,YES
GET NgUsersRestController.getAllUsersData,,,,,,,,
GET NgUsersRestController.getUsersBase,,,,,,,,
GET NgUsersRestController.getUserData,YES,,,,,,,YES
GET NgUsersRestController.getUserById,YES,,,,,,,YES
GET NgUsersRestController.createUser,YES,,,,,,,YES
GET NgUsersRestController.addExistingUser,YES,,,,,,,YES
GET NgUsersRestController.updateUser,YES,,,,,,,YES
GET NgUsersRestController.unlockUser,YES,,,,,,,YES
GET NgUsersRestController.activateUser,YES,,,,,,,YES
GET NgUsersRestController.lockUser,YES,,,,,,,YES
GET NgUsersRestController.deleteUser,YES,,,,,,,YES
GET NgUsersRestController.resendInvitation,YES,,,,,,,YES
GET NgUsersRestController.getAuthHeader,YES,,,,,,,YES
GET NgUsersRestController.updateEnabled,YES,,,,,,,YES
GET NgUsersRestController.importUser,YES,,,,,,,YES
GET NgUsersRestController.doesUserHaveRaspOrServerlessAccess,,,,,,,,
GET NgUsersRestController.getCustomNotifications,,,,,,,,
GET NgUsersRestController.getCustomAttackNotifications,,,,,,,,
GET NgUsersRestController.getCustomVulnerabilityNotifications,,,,,,,,
GET NgUsersRestController.getApplicationQuickFilters,YES,,,,,,,YES
GET NgUsersRestController.getOrganizationAccess,YES,,,,,,,YES
GET NgUsersRestController.createUsersByCsv,YES,,,,,,,YES
GET NgVulnerabilityTrendFilterViewsRestController.getFilterView,,,,,,,,
GET NgVulnerabilityTrendFilterViewsRestController.getFilterViewsForUser,,,,,,,,
GET NgVulnerabilityTrendFilterViewsRestController.editFilterView,,,,,,,,
GET NgVulnerabilityTrendFilterViewsRestController.deleteFilterView,,,,,,,,
GET NgVulnerabilityTrendFilterViewsRestController.bulkDeleteFilterViews,,,,,,,,
GET NgVulnerabilityTrendFilterViewsRestController.bulkEditFilterViewNames,,,,,,,,
GET NgVulnerabilityTrendFilterViewsRestController.addFilterView,,,,,,,,
GET NgWebhookRestController.getOrgWebhook,YES,,,,,,,YES
GET NgWebhookRestController.getOrgWebhooks,YES,,,,,,,YES
GET NgWebhookRestController.editOrgWebhook,YES,,,,,,,YES
GET NgWebhookRestController.deleteOrgWebhook,YES,,,,,,,YES
GET NgWebhookRestController.addOrgWebhook,YES,,,,,,,YES
GET NgWebhookRestController.testWebhookConnection,YES,,,,,,,YES
PUT NgWebhookRestController.updateWebhookSecret,YES,,,,,,,YES
GET ApplicationsRestController.listApplications,,,,,,,,
GET ApplicationsRestController.getApplication,,,,,,,,
GET ApplicationsRestController.resetApplication,YES,,,,,,,YES
GET ApplicationsRestController.getLibraries,,,,,,,,
GET ApplicationsRestController.getLibrary,,,,,,,,
GET ApplicationsRestController.getLibraryCVEs,,,,,,,,
GET ApplicationsRestController.getLibraryCVE,,,,,,,,
GET ApplicationsRestController.getSiteMapActivity,,,,,,,,
GET ApplicationsRestController.getSiteMapActivityEntries,,,,,,,,
GET ApplicationsRestController.getStats,,,,,,,,
GET TraceStoryController.getStory,,,,,,,,
GET TraceStoryController.getRecommendation,,,,,,,,
GET ServersRestController.getServers,,,,,,,,
GET ServersRestController.getServer,,,,,,,,
GET TracesRestController.listTraces,,,,,,,,
GET TracesRestController.getTrace,,,,,,,,
GET LicenseRestController.getLicenseInfo,,,,,,,,
GET SCAApplicationCreateRestController.createApplication,,,,,,,,
GET SCAReportRestController.getReports,,,,,,,,
GET SCAReportRestController.getReportsList,,,,,,,,
GET SCAReportRestController.getReportById,,,,,,,,
GET SCASnapshotRestController.registerSnapshot,,,,,,,,
GET SCASnapshotRestController.getSnapshotStatus,,,,,,,,
GET SCASnapshotRestController.getSnapshots,,,,,,,,
GET ApplicationScoreController.getApplicationCustomCodeScore,,,,,,,,
GET ApplicationScoreController.getApplicationLibraryScore,,,,,,,,
GET SensitiveDataPolicyRestController.updatePolicyRules,,,,YES,,,,YES
GET SensitiveDataPolicyRestController.updatePolicyEnabled,,,,YES,,,,YES
GET SensitiveDataPolicyRestController.getPolicySummaries,,,,,,,,
GET SensitiveDataPolicyRestController.getPolicy,,,,YES,,,,YES
GET SensitiveDataPolicyRestController.updateMaskEntireBodyOption,,,,YES,,,,YES
GET SensitiveDataPolicyRestController.updateSensitiveDataSetting,,,,YES,,,,YES
GET VulnerabilityApplicationController.getVulnerabilityInstances,,,,,,,,
GET VulnerabilitySubstatusRestController.getSubstatusAliases,,,,,,,,
GET VulnerabilitySubstatusRestController.getAlias,,,,,,,,
GET VulnerabilitySubstatusRestController.updateSubstatusAlias,YES,,,,,,,YES
DELETE VulnerabilitySubstatusRestController.deleteSubstatusAlias,YES,,,,,,,YES
GET NgOrganizationVulnerabilityStatsRestController.getTTRTrendBySeverity,,,,,,,,
GET NgOrganizationVulnerabilityStatsRestController.getVulnerabilityTrendNewView,,,,,,,,
GET NgOrganizationVulnerabilityStatsRestController.getVulnerabilityTrendNewTotal,,,,,,,,
PUT OrganizationTTRPropertiesController.updateTimeToRemediateProperties,,,,YES,,,,YES
GET OrganizationTTRPropertiesController.getTimeToRemediateProperties,,,,,,,,
GET ErrorController.redirectToErrorGet,,,,,,,,
POST ErrorController.redirectToErrorPost,,,,,,,,
GET ErrorController.errorUnauthorized,,,,,,,,
GET LoginController.redirectToLogin,,,,,,,,
GET WebhookRestController.getWebhookAttempts,YES,,,,,,,YES
GET VersionWS.getContrastVersion,,,,,,,,
GET VersionWS.isUpdateNeeded,,,,,,,,